dataset_name,column_name,total_rows,missing_count,missing_percentage,sample_valid_values
CENSUS_POPULATION_AREA,A_1_NUMBER_OF_VILLAGES_TOWNS_HOUSEHOLDS_POPULATION_AND_AREA,20018,25,0.12,"1.0, 0.0, 2.0"
CENSUS_POPULATION_AREA,COLUMN_2,20018,20,0.1,"2.0, 0.0, 1.0"
CENSUS_POPULATION_AREA,COLUMN_3,20018,25,0.12,"3.0, 0.0, 1.0"
CENSUS_POPULATION_AREA,COLUMN_4,20018,21,0.1,"India/ State/ Union Territory/ District/ Sub-district, 4, INDIA"
CENSUS_POPULATION_AREA,COLUMN_5,20018,21,0.1,"Name, 5, INDIA @&"
CENSUS_POPULATION_AREA,COLUMN_6,20018,21,0.1,"Total/
Rural/
Urban, 6, Total"
CENSUS_POPULATION_AREA,COLUMN_7,20018,25,0.12,"7.0, 597608.0, 0.0"
CENSUS_POPULATION_AREA,COLUMN_8,20018,25,0.12,"8.0, 43324.0, 0.0"
CENSUS_POPULATION_AREA,COLUMN_9,20018,25,0.12,"9.0, 7933.0, 0.0"
CENSUS_POPULATION_AREA,COLUMN_10,20018,25,0.12,"10.0, 249501663.0, 168612897.0"
CENSUS_POPULATION_AREA,COLUMN_11,20018,25,0.12,"11.0, 1210854977.0, 833748852.0"
CENSUS_POPULATION_AREA,COLUMN_12,20018,25,0.12,"12.0, 623270258.0, 427781058.0"
CENSUS_POPULATION_AREA,COLUMN_13,20018,25,0.12,"13.0, 587584719.0, 405967794.0"
CENSUS_POPULATION_AREA,COLUMN_14,20018,142,0.71,"13.0000000000000000, 3287469.0000000000000000, 3101473.9700000000000000"
CENSUS_POPULATION_AREA,COLUMN_15,20018,142,0.71,"14.0000000000000000, 382.0000000000000000, 279.0000000000000000"
NFHS_5_FACTSHEETS,SEX_RATIO_AT_BIRTH_FOR_CHILDREN_BORN_IN_THE_LAST_FIVE_YEARS_FEMALES_PER_1_000_MALES,111,1,0.9,"924.35, 930.94, 929.16"
NFHS_5_FACTSHEETS,CHILDREN_UNDER_AGE_5_YEARS_WHOSE_BIRTH_WAS_REGISTERED_WITH_THE_CIVIL_AUTHORITY,111,1,0.9,"93.3, 87.53, 89.08"
NFHS_5_FACTSHEETS,DEATHS_IN_THE_LAST_3_YEARS_REGISTERED_WITH_THE_CIVIL_AUTHORITY,111,2,1.8,"83.2, 65.82, 70.75"
NFHS_5_FACTSHEETS,HOUSEHOLDS_USING_CLEAN_FUEL_FOR_COOKING3,111,1,0.9,"89.65, 43.21, 58.62"
NFHS_5_FACTSHEETS,HOUSEHOLDS_USING_IODIZED_SALT,111,1,0.9,"96.92, 92.97, 94.28"
NFHS_5_FACTSHEETS,HOUSEHOLDS_WITH_ANY_USUAL_MEMBER_COVERED_UNDER_A_HEALTH_INSURANCE_FINANCING_SCHEME,111,1,0.9,"38.08, 42.44, 40.99"
NFHS_5_FACTSHEETS,CHILDREN_AGE_5_YEARS_WHO_ATTENDED_PRE_PRIMARY_SCHOOL_DURING_THE_SCHOOL_YEAR_2019_20,111,5,4.5,"18.06, 11.98, 13.62"
NFHS_5_FACTSHEETS,MEN_AGE_15_49_WHO_ARE_LITERATE4,111,1,0.9,"89.55, 81.54, 84.37"
NFHS_5_FACTSHEETS,MEN_AGE_15_49_WITH_10_OR_MORE_YEARS_OF_SCHOOLING,111,1,0.9,"62.11, 43.72, 50.21"
NFHS_5_FACTSHEETS,WOMEN_AGE_15_49_WHO_HAVE_EVER_USED_THE_INTERNET,111,1,0.9,"51.78, 24.56, 33.34"
NFHS_5_FACTSHEETS,MEN_AGE_15_49_WHO_HAVE_EVER_USED_THE_INTERNET,111,1,0.9,"72.46, 48.68, 57.14"
NFHS_5_FACTSHEETS,WOMEN_AGE_20_24_YEARS_MARRIED_BEFORE_AGE_18_YEARS,111,1,0.9,"14.69, 27.02, 23.25"
NFHS_5_FACTSHEETS,MEN_AGE_25_29_YEARS_MARRIED_BEFORE_AGE_21_YEARS,111,14,12.61,"11.25, 21.14, 17.67"
NFHS_5_FACTSHEETS,TOTAL_FERTILITY_RATE_NUMBER_OF_CHILDREN_PER_WOMAN,111,1,0.9,"1.63, 2.14, 1.99"
NFHS_5_FACTSHEETS,WOMEN_AGE_15_19_YEARS_WHO_WERE_ALREADY_MOTHERS_OR_PREGNANT_AT_THE_TIME_OF_THE_SURVEY,111,1,0.9,"3.84, 7.93, 6.78"
NFHS_5_FACTSHEETS,NEONATAL_MORTALITY_RATE_PER_1000_LIVE_BIRTHS,111,13,11.71,"17.96, 27.45, 24.91"
NFHS_5_FACTSHEETS,INFANT_MORTALITY_RATE_PER_1000_LIVE_BIRTHS,111,13,11.71,"26.56, 38.36, 35.2"
NFHS_5_FACTSHEETS,UNDER_FIVE_MORTALITY_RATE_PER_1000_LIVE_BIRTHS,111,13,11.71,"31.45, 45.69, 41.86"
NFHS_5_FACTSHEETS,CURRENT_USE_OF_FAMILY_PLANNING_METHODS_CURRENTLY_MARRIED_WOMEN_AGE_15_49_YEARS_ANY_METHOD6,111,1,0.9,"69.26, 65.55, 66.71"
NFHS_5_FACTSHEETS,CURRENT_USE_OF_FAMILY_PLANNING_METHODS_CURRENTLY_MARRIED_WOMEN_AGE_15_49_YEARS_ANY_MODERN_METHOD6,111,1,0.9,"58.51, 55.5, 56.45"
NFHS_5_FACTSHEETS,CURRENT_USE_OF_FAMILY_PLANNING_METHODS_CURRENTLY_MARRIED_WOMEN_AGE_15_49_YEARS_FEMALE_STERILIZATION,111,1,0.9,"36.31, 38.65, 37.91"
NFHS_5_FACTSHEETS,CURRENT_USE_OF_FAMILY_PLANNING_METHODS_CURRENTLY_MARRIED_WOMEN_AGE_15_49_YEARS_MALE_STERILIZATION,111,1,0.9,"0.24, 0.33, 0.3"
NFHS_5_FACTSHEETS,CURRENT_USE_OF_FAMILY_PLANNING_METHODS_CURRENTLY_MARRIED_WOMEN_AGE_15_49_YEARS_IUD_PPIUD,111,1,0.9,"2.72, 1.84, 2.11"
NFHS_5_FACTSHEETS,CURRENT_USE_OF_FAMILY_PLANNING_METHODS_CURRENTLY_MARRIED_WOMEN_AGE_15_49_YEARS_PILL,111,1,0.9,"4.35, 5.41, 5.07"
NFHS_5_FACTSHEETS,CURRENT_USE_OF_FAMILY_PLANNING_METHODS_CURRENTLY_MARRIED_WOMEN_AGE_15_49_YEARS_CONDOM,111,1,0.9,"13.58, 7.58, 9.46"
NFHS_5_FACTSHEETS,CURRENT_USE_OF_FAMILY_PLANNING_METHODS_CURRENTLY_MARRIED_WOMEN_AGE_15_49_YEARS_INJECTABLES,111,1,0.9,"0.44, 0.62, 0.56"
NFHS_5_FACTSHEETS,TOTAL_UNMET_NEED_FOR_FAMILY_PLANNING_CURRENTLY_MARRIED_WOMEN_AGE_15_49_YEARS_7,111,1,0.9,"8.43, 9.88, 9.42"
NFHS_5_FACTSHEETS,UNMET_NEED_FOR_SPACING_CURRENTLY_MARRIED_WOMEN_AGE_15_49_YEARS_7,111,1,0.9,"3.55, 4.27, 4.04"
NFHS_5_FACTSHEETS,HEALTH_WORKER_EVER_TALKED_TO_FEMALE_NON_USERS_ABOUT_FAMILY_PLANNING,111,1,0.9,"23.02, 24.26, 23.86"
NFHS_5_FACTSHEETS,CURRENT_USERS_EVER_TOLD_ABOUT_SIDE_EFFECTS_OF_CURRENT_METHOD_OF_FAMILY_PLANNING8,111,2,1.8,"64.71, 61.47, 62.36"
NFHS_5_FACTSHEETS,MOTHERS_WHO_HAD_AN_ANTENATAL_CHECK_UP_IN_THE_FIRST_TRIMESTER_FOR_LAST_BIRTH_IN_THE_5_YEARS_BEFORE_THE_SURVEY,111,1,0.9,"75.46, 67.91, 70.04"
NFHS_5_FACTSHEETS,MOTHERS_WHO_HAD_AT_LEAST_4_ANTENATAL_CARE_VISITS_FOR_LAST_BIRTH_IN_THE_5_YEARS_BEFORE_THE_SURVEY,111,1,0.9,"68.14, 54.2, 58.13"
NFHS_5_FACTSHEETS,MOTHERS_WHOSE_LAST_BIRTH_WAS_PROTECTED_AGAINST_NEONATAL_TETANUS_FOR_LAST_BIRTH_IN_THE_5_YEARS_BEFORE_THE_SURVEY_9,111,1,0.9,"92.72, 91.65, 91.95"
NFHS_5_FACTSHEETS,MOTHERS_WHO_CONSUMED_IRON_FOLIC_ACID_FOR_100_DAYS_OR_MORE_WHEN_THEY_WERE_PREGNANT_FOR_LAST_BIRTH_IN_THE_5_YEARS_BEFORE_THE_SURVEY,111,1,0.9,"54.0, 40.17, 44.07"
NFHS_5_FACTSHEETS,MOTHERS_WHO_CONSUMED_IRON_FOLIC_ACID_FOR_180_DAYS_OR_MORE_WHEN_THEY_WERE_PREGNANT_FOR_LAST_BIRTH_IN_THE_5_YEARS_BEFORE_THE_SURVEY,111,1,0.9,"34.38, 22.74, 26.02"
NFHS_5_FACTSHEETS,REGISTERED_PREGNANCIES_FOR_WHICH_THE_MOTHER_RECEIVED_A_MOTHER_AND_CHILD_PROTECTION_MCP_CARD_FOR_LAST_BIRTH_IN_THE_5_YEARS_BEFORE_THE_SURVEY,111,1,0.9,"94.91, 96.31, 95.91"
NFHS_5_FACTSHEETS,MOTHERS_WHO_RECEIVED_POSTNATAL_CARE_FROM_A_DOCTOR_NURSE_LHV_ANM_MIDWIFE_OTHER_HEALTH_PERSONNEL_WITHIN_2_DAYS_OF_DELIVERY_FOR_LAST_BIRTH_IN_THE_5_YEARS_BEFORE_THE_SURVEY,111,1,0.9,"84.61, 75.42, 78.01"
NFHS_5_FACTSHEETS,AVERAGE_OUT_OF_POCKET_EXPENDITURE_PER_DELIVERY_IN_A_PUBLIC_HEALTH_FACILITY_FOR_LAST_BIRTH_IN_THE_5_YEARS_BEFORE_THE_SURVEY_RS,111,1,0.9,"3385.4, 2769.84, 2915.87"
NFHS_5_FACTSHEETS,CHILDREN_WHO_RECEIVED_POSTNATAL_CARE_FROM_A_DOCTOR_NURSE_LHV_ANM_MIDWIFE_OTHER_HEALTH_PERSONNEL_WITHIN_2_DAYS_OF_DELIVERY_FOR_LAST_BIRTH_IN_THE_5_YEARS_BEFORE_THE_SURVEY,111,1,0.9,"85.7, 76.45, 79.06"
NFHS_5_FACTSHEETS,INSTITUTIONAL_BIRTHS_IN_THE_5_YEARS_BEFORE_THE_SURVEY,111,1,0.9,"93.79, 86.71, 88.59"
NFHS_5_FACTSHEETS,INSTITUTIONAL_BIRTHS_IN_PUBLIC_FACILITY_IN_THE_5_YEARS_BEFORE_THE_SURVEY,111,1,0.9,"52.57, 65.31, 61.91"
NFHS_5_FACTSHEETS,HOME_BIRTHS_THAT_WERE_CONDUCTED_BY_SKILLED_HEALTH_PERSONNEL_IN_THE_5_YEARS_BEFORE_THE_SURVEY_10,111,1,0.9,"2.05, 3.67, 3.24"
NFHS_5_FACTSHEETS,BIRTHS_ATTENDED_BY_SKILLED_HEALTH_PERSONNEL_IN_THE_5_YEARS_BEFORE_THE_SURVEY_10,111,1,0.9,"94.02, 87.76, 89.43"
NFHS_5_FACTSHEETS,BIRTHS_DELIVERED_BY_CAESAREAN_SECTION_IN_THE_5_YEARS_BEFORE_THE_SURVEY,111,1,0.9,"32.26, 17.59, 21.5"
NFHS_5_FACTSHEETS,BIRTHS_IN_A_PRIVATE_HEALTH_FACILITY_THAT_WERE_DELIVERED_BY_CAESAREAN_SECTION_IN_THE_5_YEARS_BEFORE_THE_SURVEY,111,8,7.21,"49.28, 46.03, 47.37"
NFHS_5_FACTSHEETS,BIRTHS_IN_A_PUBLIC_HEALTH_FACILITY_THAT_WERE_DELIVERED_BY_CAESAREAN_SECTION_IN_THE_5_YEARS_BEFORE_THE_SURVEY,111,1,0.9,"22.71, 11.86, 14.31"
NFHS_5_FACTSHEETS,CHILDREN_AGE_12_23_MONTHS_FULLY_VACCINATED_BASED_ON_INFORMATION_FROM_EITHER_VACCINATION_CARD_OR_MOTHER_S_RECALL11,111,4,3.6,"75.47, 76.79, 76.44"
NFHS_5_FACTSHEETS,CHILDREN_AGE_12_23_MONTHS_FULLY_VACCINATED_BASED_ON_INFORMATION_FROM_VACCINATION_CARD_ONLY12,111,7,6.31,"83.31, 83.96, 83.79"
NFHS_5_FACTSHEETS,CHILDREN_AGE_12_23_MONTHS_WHO_HAVE_RECEIVED_BCG,111,4,3.6,"94.73, 95.38, 95.2"
NFHS_5_FACTSHEETS,CHILDREN_AGE_12_23_MONTHS_WHO_HAVE_RECEIVED_3_DOSES_OF_POLIO_VACCINE13,111,4,3.6,"79.16, 80.93, 80.45"
NFHS_5_FACTSHEETS,CHILDREN_AGE_12_23_MONTHS_WHO_HAVE_RECEIVED_3_DOSES_OF_PENTA_OR_DPT_VACCINE,111,4,3.6,"85.96, 87.02, 86.74"
NFHS_5_FACTSHEETS,CHILDREN_AGE_12_23_MONTHS_WHO_HAVE_RECEIVED_THE_FIRST_DOSE_OF_MEASLES_CONTAINING_VACCINE_MCV,111,4,3.6,"87.11, 88.13, 87.85"
NFHS_5_FACTSHEETS,CHILDREN_AGE_24_35_MONTHS_WHO_HAVE_RECEIVED_A_SECOND_DOSE_OF_MEASLES_CONTAINING_VACCINE_MCV,111,4,3.6,"30.43, 32.41, 31.88"
NFHS_5_FACTSHEETS,CHILDREN_AGE_12_23_MONTHS_WHO_HAVE_RECEIVED_3_DOSES_OF_ROTAVIRUS_VACCINE14,111,4,3.6,"34.92, 36.95, 36.4"
NFHS_5_FACTSHEETS,CHILDREN_AGE_12_23_MONTHS_WHO_HAVE_RECEIVED_3_DOSES_OF_PENTA_OR_HEPATITIS_B_VACCINE,111,4,3.6,"83.02, 84.21, 83.89"
NFHS_5_FACTSHEETS,CHILDREN_AGE_9_35_MONTHS_WHO_RECEIVED_A_VITAMIN_A_DOSE_IN_THE_LAST_6_MONTHS,111,1,0.9,"71.82, 70.97, 71.2"
NFHS_5_FACTSHEETS,CHILDREN_AGE_12_23_MONTHS_WHO_RECEIVED_MOST_OF_THEIR_VACCINATIONS_IN_A_PUBLIC_HEALTH_FACILITY,111,4,3.6,"87.7, 97.01, 94.53"
NFHS_5_FACTSHEETS,CHILDREN_AGE_12_23_MONTHS_WHO_RECEIVED_MOST_OF_THEIR_VACCINATIONS_IN_A_PRIVATE_HEALTH_FACILITY,111,4,3.6,"11.13, 1.63, 4.17"
NFHS_5_FACTSHEETS,PREVALENCE_OF_DIARRHOEA_IN_THE_2_WEEKS_PRECEDING_THE_SURVEY_CHILDREN_UNDER_AGE_5_YEARS,111,1,0.9,"6.16, 7.71, 7.3"
NFHS_5_FACTSHEETS,CHILDREN_PREVALENCE_OF_SYMPTOMS_OF_ACUTE_RESPIRATORY_INFECTION_ARI_IN_THE_2_WEEKS_PRECEDING_THE_SURVEY_CHILDREN_UNDER_AGE_5_YEARS,111,1,0.9,"2.3, 2.97, 2.79"
NFHS_5_FACTSHEETS,CHILDREN_WITH_FEVER_OR_SYMPTOMS_OF_ARI_IN_THE_2_WEEKS_PRECEDING_THE_SURVEY_TAKEN_TO_A_HEALTH_FACILITY_OR_HEALTH_PROVIDER_CHILDREN_UNDER_AGE_5_YEARS,111,9,8.11,"72.7, 67.82, 69.01"
NFHS_5_FACTSHEETS,CHILDREN_UNDER_AGE_3_YEARS_BREASTFED_WITHIN_ONE_HOUR_OF_BIRTH15,111,1,0.9,"44.67, 40.68, 41.75"
NFHS_5_FACTSHEETS,CHILDREN_UNDER_AGE_6_MONTHS_EXCLUSIVELY_BREASTFED16,111,14,12.61,"59.63, 65.06, 63.72"
NFHS_5_FACTSHEETS,BREASTFEEDING_CHILDREN_AGE_6_23_MONTHS_RECEIVING_AN_ADEQUATE_DIET16_17,111,4,3.6,"11.77, 10.8, 11.05"
NFHS_5_FACTSHEETS,TOTAL_CHILDREN_AGE_6_23_MONTHS_RECEIVING_AN_ADEQUATE_DIET16_17,111,3,2.7,"12.25, 10.96, 11.3"
NFHS_5_FACTSHEETS,CHILDREN_UNDER_5_YEARS_WHO_ARE_STUNTED_HEIGHT_FOR_AGE_18,111,1,0.9,"30.12, 37.34, 35.47"
NFHS_5_FACTSHEETS,CHILDREN_UNDER_5_YEARS_WHO_ARE_WASTED_WEIGHT_FOR_HEIGHT_18,111,1,0.9,"18.54, 19.51, 19.26"
NFHS_5_FACTSHEETS,CHILDREN_UNDER_5_YEARS_WHO_ARE_SEVERELY_WASTED_WEIGHT_FOR_HEIGHT_19,111,1,0.9,"7.6, 7.71, 7.68"
NFHS_5_FACTSHEETS,CHILDREN_UNDER_5_YEARS_WHO_ARE_UNDERWEIGHT_WEIGHT_FOR_AGE_18,111,1,0.9,"27.34, 33.78, 32.11"
NFHS_5_FACTSHEETS,CHILDREN_UNDER_5_YEARS_WHO_ARE_OVERWEIGHT_WEIGHT_FOR_HEIGHT_20,111,1,0.9,"4.22, 3.15, 3.43"
NFHS_5_FACTSHEETS,WOMEN_AGE_15_49_YEARS_WHOSE_BODY_MASS_INDEX_BMI_IS_BELOW_NORMAL_BMI_18_5_KG_M2_21,111,1,0.9,"13.24, 21.22, 18.67"
NFHS_5_FACTSHEETS,MEN_AGE_15_49_YEARS_WHOSE_BODY_MASS_INDEX_BMI_IS_BELOW_NORMAL_BMI_18_5_KG_M2,111,1,0.9,"13.0, 17.83, 16.19"
NFHS_5_FACTSHEETS,WOMEN_AGE_15_49_YEARS_WHO_ARE_OVERWEIGHT_OR_OBESE_BMI_25_0_KG_M2_21,111,1,0.9,"33.24, 19.68, 24.02"
NFHS_5_FACTSHEETS,MEN_AGE_15_49_YEARS_WHO_ARE_OVERWEIGHT_OR_OBESE_BMI_25_0_KG_M2,111,1,0.9,"29.79, 19.33, 22.88"
NFHS_5_FACTSHEETS,WOMEN_AGE_15_49_YEARS_WHO_HAVE_HIGH_RISK_WAIST_TO_HIP_RATIO_0_85,111,1,0.9,"59.9, 55.15, 56.66"
NFHS_5_FACTSHEETS,MEN_AGE_15_49_YEARS_WHO_HAVE_HIGH_RISK_WAIST_TO_HIP_RATIO_0_90,111,1,0.9,"50.13, 46.39, 47.66"
NFHS_5_FACTSHEETS,CHILDREN_AGE_6_59_MONTHS_WHO_ARE_ANAEMIC_11_0_G_DL_22,111,1,0.9,"64.22, 68.25, 67.12"
NFHS_5_FACTSHEETS,NON_PREGNANT_WOMEN_AGE_15_49_YEARS_WHO_ARE_ANAEMIC_12_0_G_DL_22,111,1,0.9,"54.06, 58.69, 57.22"
NFHS_5_FACTSHEETS,PREGNANT_WOMEN_AGE_15_49_YEARS_WHO_ARE_ANAEMIC_11_0_G_DL_22,111,10,9.01,"45.72, 54.31, 52.15"
NFHS_5_FACTSHEETS,ALL_WOMEN_AGE_15_19_YEARS_WHO_ARE_ANAEMIC22,111,1,0.9,"56.47, 60.15, 59.14"
NFHS_5_FACTSHEETS,MEN_AGE_15_49_YEARS_WHO_ARE_ANAEMIC_13_0_G_DL_22,111,1,0.9,"20.39, 27.41, 25.04"
NFHS_5_FACTSHEETS,MEN_AGE_15_19_YEARS_WHO_ARE_ANAEMIC_13_0_G_DL_22,111,14,12.61,"25.04, 33.86, 31.13"
NFHS_5_FACTSHEETS,WOMEN_AGE_15_YEARS_AND_ABOVE_WITH_HIGH_141_160_MG_DL_BLOOD_SUGAR_LEVEL23,111,1,0.9,"5.87, 6.12, 8.59"
NFHS_5_FACTSHEETS,WOMEN_AGE_30_49_YEARS_EVER_UNDERGONE_A_SCREENING_TEST_FOR_CERVICAL_CANCER,111,1,0.9,"2.24, 1.74, 1.91"
NFHS_5_FACTSHEETS,WOMEN_AGE_30_49_YEARS_EVER_UNDERGONE_A_BREAST_EXAMINATION_FOR_BREAST_CANCER,111,1,0.9,"1.2, 0.67, 0.85"
NFHS_5_FACTSHEETS,WOMEN_AGE_30_49_YEARS_EVER_UNDERGONE_AN_ORAL_CAVITY_EXAMINATION_FOR_ORAL_CANCER,111,1,0.9,"1.15, 0.79, 0.92"
NFHS_5_FACTSHEETS,MEN_AGE_30_49_YEARS_EVER_UNDERGONE_AN_ORAL_CAVITY_EXAMINATION_FOR_ORAL_CANCER,111,4,3.6,"1.28, 1.18, 3.52"
NFHS_5_FACTSHEETS,WOMEN_AGE_15_49_YEARS_WHO_HAVE_COMPREHENSIVE_KNOWLEDGE24_OF_HIV_AIDS,111,2,1.8,"18.21, 21.58, 10.13"
NFHS_5_FACTSHEETS,MEN_AGE_15_49_YEARS_WHO_HAVE_COMPREHENSIVE_KNOWLEDGE24_OF_HIV_AIDS,111,1,0.9,"37.48, 27.07, 30.74"
NFHS_5_FACTSHEETS,WOMEN_AGE_15_49_YEARS_WHO_KNOW_THAT_CONSISTENT_CONDOM_USE_CAN_REDUCE_THE_CHANCE_OF_GETTING_HIV_AIDS,111,1,0.9,"76.11, 64.67, 68.36"
NFHS_5_FACTSHEETS,MEN_AGE_15_49_YEARS_WHO_KNOW_THAT_CONSISTENT_CONDOM_USE_CAN_REDUCE_THE_CHANCE_OF_GETTING_HIV_AIDS,111,1,0.9,"86.35, 79.56, 81.95"
NFHS_5_FACTSHEETS,CURRENTLY_MARRIED_WOMEN_AGE_15_49_YEARS_WHO_USUALLY_PARTICIPATE_IN_THREE_HOUSEHOLD_DECISIONS25,111,2,1.8,"91.01, 87.66, 88.7"
NFHS_5_FACTSHEETS,WOMEN_AGE_15_49_YEARS_WHO_WORKED_IN_THE_LAST_12_MONTHS_AND_WERE_PAID_IN_CASH,111,1,0.9,"24.96, 25.56, 25.37"
NFHS_5_FACTSHEETS,WOMEN_AGE_15_49_YEARS_OWNING_A_HOUSE_AND_OR_LAND_ALONE_OR_JOINTLY_WITH_OTHERS,111,1,0.9,"38.3, 45.69, 43.3"
NFHS_5_FACTSHEETS,WOMEN_AGE_15_49_YEARS_HAVING_A_BANK_OR_SAVINGS_ACCOUNT_THAT_THEY_THEMSELVES_USE,111,1,0.9,"80.93, 77.43, 78.56"
NFHS_5_FACTSHEETS,WOMEN_AGE_15_49_YEARS_HAVING_A_MOBILE_PHONE_THAT_THEY_THEMSELVES_USE,111,1,0.9,"69.36, 46.61, 53.95"
NFHS_5_FACTSHEETS,WOMEN_AGE_15_24_YEARS_WHO_USE_HYGIENIC_METHODS_OF_PROTECTION_DURING_THEIR_MENSTRUAL_PERIOD26,111,1,0.9,"89.37, 72.32, 77.33"
NFHS_5_FACTSHEETS,EVER_MARRIED_WOMEN_AGE_18_49_YEARS_WHO_HAVE_EVER_EXPERIENCED_SPOUSAL_VIOLENCE27,111,2,1.8,"24.19, 31.63, 29.31"
NFHS_5_FACTSHEETS,EVER_MARRIED_WOMEN_AGE_18_49_YEARS_WHO_HAVE_EXPERIENCED_PHYSICAL_VIOLENCE_DURING_ANY_PREGNANCY,111,2,1.8,"2.51, 3.41, 3.13"
NFHS_5_FACTSHEETS,YOUNG_WOMEN_AGE_18_29_YEARS_WHO_EXPERIENCED_SEXUAL_VIOLENCE_BY_AGE_18,111,5,4.5,"1.1, 1.64, 1.48"
TOURISM_STATISTICS,NUMBER_OF_ARRIVALS_2017,83,1,1.2,"335439.0, 1376919.0, 1712358.0"
TOURISM_STATISTICS,NUMBER_OF_ARRIVALS_2018,83,1,1.2,"351040.0, 1456678.0, 1807718.0"
TOURISM_STATISTICS,NUMBER_OF_ARRIVALS_2020,83,1,1.2,"122868.0, 394092.0, 516960.0"
TOURISM_STATISTICS,PERCENTAGE_SHARE_2018_17,83,1,1.2,"4.7, 5.8, 5.6"
TOURISM_STATISTICS,PERCENTAGE_SHARE_2019_18,83,1,1.2,"0.2, 3.8, 3.1"
TOURISM_STATISTICS,PERCENTAGE_SHARE_2020_19,83,1,1.2,"-65.1, -73.9, -72.3"
TOURISM_STATISTICS,PERCENTAGE_CHANGE_2021_20,83,1,1.2,"-34.5, 9.1, -1.3"
TOURISM_STATISTICS,PERCENTAGE_CHANGE_2021,83,1,1.2,"5.27, 28.15, 33.42"
