dataset_name,column_name,count,mean,median,std_dev,min,q1,q3,max,iqr,coefficient_of_variation
CENSUS_POPULATION_AREA,A_1_NUMBER_OF_VILLAGES_TOWNS_HOUSEHOLDS_POPULATION_AND_AREA,19993,19.2384,21.0,8.6756,0.0,10.0,28.0,35.0,18.0,0.451
CENSUS_POPULATION_AREA,COLUMN_2,19998,362.2578,376.0,171.3562,0.0,230.0,533.0,640.0,303.0,0.473
CENSUS_POPULATION_AREA,COLUMN_3,19993,3094.1716,2623.0,6772.4842,0.0,990.0,4288.0,99999.0,3298.0,2.1888
CENSUS_POPULATION_AREA,COLUMN_7,19993,239.1283,29.0,6193.0186,0.0,0.0,117.0,597608.0,117.0,25.8983
CENSUS_POPULATION_AREA,COLUMN_8,19993,17.3367,0.0,454.5044,0.0,0.0,5.0,43324.0,5.0,26.2164
CENSUS_POPULATION_AREA,COLUMN_9,19993,3.1748,0.0,82.2261,0.0,0.0,1.0,7933.0,1.0,25.8999
CENSUS_POPULATION_AREA,COLUMN_10,19993,99835.6082,18133.0,2284217.8568,0.0,5022.0,43165.0,249501663.0,38143.0,22.8798
CENSUS_POPULATION_AREA,COLUMN_11,19993,484511.5704,82442.0,11144862.0499,0.0,24581.0,209823.0,1210854977.0,185242.0,23.0023
CENSUS_POPULATION_AREA,COLUMN_12,19993,249395.3922,41872.0,5735765.1459,0.0,12476.0,107913.0,623270258.0,95437.0,22.9987
CENSUS_POPULATION_AREA,COLUMN_13,19993,235116.1789,40550.0,5409264.6332,0.0,11934.0,101942.0,587584719.0,90008.0,23.0068
CENSUS_POPULATION_AREA,COLUMN_14,19876,1275.258,203.7403,33100.2465,-0.0006,21.5225,571.7132,3287469.0,550.1907,25.9557
CENSUS_POPULATION_AREA,COLUMN_15,19876,1187.4691,334.1314,3156.758,0.0,133.8114,1032.9976,89185.0,899.1862,2.6584
INDIA_CENSUS_2011,DISTRICT_CODE,640,320.5,320.5,184.8964,1.0,160.75,480.25,640.0,319.5,0.5769
INDIA_CENSUS_2011,POPULATION,640,1891960.9016,1557367.0,1544380.2874,8004.0,817861.0,2583551.25,11060148.0,1765690.25,0.8163
INDIA_CENSUS_2011,MALE,640,973859.7781,798681.5,800778.524,4414.0,417168.25,1338604.5,5865078.0,921436.25,0.8223
INDIA_CENSUS_2011,FEMALE,640,918101.1234,758920.0,744986.3923,3590.0,401745.75,1264276.75,5195070.0,862531.0,0.8114
INDIA_CENSUS_2011,LITERATE,640,1193185.6438,957346.5,1068582.6277,4436.0,482598.25,1602260.25,8227161.0,1119662.0,0.8956
INDIA_CENSUS_2011,WORKERS,640,752951.3562,622341.0,607162.2023,3555.0,328468.75,1036543.75,4492767.0,708075.0,0.8064
INDIA_CENSUS_2011,MALE_WORKERS,640,518656.0547,428851.5,441238.7592,2228.0,229416.75,699151.0,3363123.0,469734.25,0.8507
INDIA_CENSUS_2011,FEMALE_WORKERS,640,234295.3016,192926.5,191354.1044,1327.0,94203.5,316365.75,1239177.0,222162.25,0.8167
INDIA_CENSUS_2011,CULTIVATOR_WORKERS,640,185638.7188,150125.0,151489.5455,0.0,74910.25,255301.5,1013050.0,180391.25,0.816
INDIA_CENSUS_2011,AGRICULTURAL_WORKERS,640,225551.3266,164530.0,221622.1899,0.0,52841.75,325898.25,1227956.0,273056.5,0.9826
INDIA_CENSUS_2011,HOUSEHOLD_WORKERS,640,28653.3875,16586.5,38513.0207,68.0,8563.5,35126.25,466007.0,26562.75,1.3441
INDIA_CENSUS_2011,HINDUS,640,1509777.1141,1291930.0,1279535.4938,873.0,567069.75,2116406.75,8716055.0,1549337.0,0.8475
INDIA_CENSUS_2011,MUSLIMS,640,269133.0594,117691.5,420127.0072,74.0,26237.25,351584.0,4707573.0,325346.75,1.561
INDIA_CENSUS_2011,CHRISTIANS,640,43468.1062,6079.5,108727.3429,171.0,1951.75,27508.5,1248137.0,25556.75,2.5013
INDIA_CENSUS_2011,SIKHS,640,32551.7438,737.5,160385.8822,3.0,253.75,2800.0,1863408.0,2546.25,4.9271
INDIA_CENSUS_2011,BUDDHISTS,640,13192.1437,372.0,56347.9466,1.0,163.75,1942.5,668050.0,1778.75,4.2713
INDIA_CENSUS_2011,JAINS,640,6955.8641,741.0,23624.0107,0.0,124.75,4150.75,343639.0,4026.0,3.3963
INDIA_CENSUS_2011,SECONDARY_EDUCATION,640,205104.6266,152332.5,216477.7778,809.0,70785.75,262916.0,2018079.0,192130.25,1.0555
INDIA_CENSUS_2011,HIGHER_EDUCATION,640,124173.5953,89987.0,130415.4271,656.0,42347.0,158355.5,1196965.0,116008.5,1.0503
INDIA_CENSUS_2011,GRADUATE_EDUCATION,640,109013.1703,66243.5,150226.0237,356.0,27992.0,129948.75,1733274.0,101956.75,1.3781
INDIA_CENSUS_2011,AGE_GROUP_0_29,640,1102826.175,889682.0,888743.3904,5113.0,478654.0,1491204.25,6184519.0,1012550.25,0.8059
INDIA_CENSUS_2011,AGE_GROUP_30_49,640,482018.8656,390508.5,418323.0324,2088.0,210196.5,652514.25,3241888.0,442317.75,0.8679
INDIA_CENSUS_2011,AGE_GROUP_50,640,300100.5453,242102.0,254955.5878,786.0,119328.5,404587.5,1921143.0,285259.0,0.8496
NFHS_5_FACTSHEETS,NUMBER_OF_HOUSEHOLDS_SURVEYED,111,22944.1081,8154.0,75735.4809,21.0,2868.0,18693.0,636699.0,15825.0,3.3009
NFHS_5_FACTSHEETS,NUMBER_OF_WOMEN_AGE_15_49_YEARS_INTERVIEWED,111,26094.2342,9133.0,86416.5238,26.0,2844.5,21632.0,724115.0,18787.5,3.3117
NFHS_5_FACTSHEETS,NUMBER_OF_MEN_AGE_15_54_YEARS_INTERVIEWED,111,3669.8739,1308.0,12096.4781,0.0,430.0,3147.5,101839.0,2717.5,3.2962
NFHS_5_FACTSHEETS,FEMALE_POPULATION_AGE_6_YEARS_AND_ABOVE_WHO_EVER_ATTENDED_SCHOOL,111,76.8293,79.33,17.1234,-69.23,69.84,84.915,97.59,15.075,0.2229
NFHS_5_FACTSHEETS,POPULATION_BELOW_AGE_15_YEARS,111,24.6641,23.85,4.0963,18.09,21.98,26.35,39.21,4.37,0.1661
NFHS_5_FACTSHEETS,SEX_RATIO_OF_THE_TOTAL_POPULATION_FEMALES_PER_1_000_MALES,111,1008.6356,1014.53,71.6868,775.2,964.245,1049.785,1192.9,85.54,0.0711
NFHS_5_FACTSHEETS,SEX_RATIO_AT_BIRTH_FOR_CHILDREN_BORN_IN_THE_LAST_FIVE_YEARS_FEMALES_PER_1_000_MALES,110,891.0918,933.045,327.7791,-1520.1,892.6325,967.175,1267.53,74.5425,0.3678
NFHS_5_FACTSHEETS,CHILDREN_UNDER_AGE_5_YEARS_WHOSE_BIRTH_WAS_REGISTERED_WITH_THE_CIVIL_AUTHORITY,110,93.3284,96.23,7.1501,70.77,90.9225,98.105,100.0,7.1825,0.0766
NFHS_5_FACTSHEETS,DEATHS_IN_THE_LAST_3_YEARS_REGISTERED_WITH_THE_CIVIL_AUTHORITY,109,71.0539,80.21,35.1104,-94.8,65.82,91.17,100.0,25.35,0.4941
NFHS_5_FACTSHEETS,POPULATION_LIVING_IN_HOUSEHOLDS_WITH_ELECTRICITY,111,98.2716,99.26,2.2482,88.92,97.62,99.62,100.0,2.0,0.0229
NFHS_5_FACTSHEETS,POPULATION_LIVING_IN_HOUSEHOLDS_WITH_AN_IMPROVED_DRINKING_WATER_SOURCE1,111,94.7061,96.38,5.6243,68.91,92.905,98.605,100.0,5.7,0.0594
NFHS_5_FACTSHEETS,POPULATION_LIVING_IN_HOUSEHOLDS_THAT_USE_AN_IMPROVED_SANITATION_FACILITY2,111,77.0316,78.75,12.7359,34.78,68.96,85.97,100.0,17.01,0.1653
NFHS_5_FACTSHEETS,HOUSEHOLDS_USING_CLEAN_FUEL_FOR_COOKING3,110,68.202,74.52,24.2804,19.22,45.5275,90.025,98.97,44.4975,0.356
NFHS_5_FACTSHEETS,HOUSEHOLDS_USING_IODIZED_SALT,110,96.0825,97.435,3.9357,78.44,94.4425,98.945,100.0,4.5025,0.041
NFHS_5_FACTSHEETS,HOUSEHOLDS_WITH_ANY_USUAL_MEMBER_COVERED_UNDER_A_HEALTH_INSURANCE_FINANCING_SCHEME,110,39.4331,35.395,20.4141,1.44,24.99,57.6525,90.39,32.6625,0.5177
NFHS_5_FACTSHEETS,CHILDREN_AGE_5_YEARS_WHO_ATTENDED_PRE_PRIMARY_SCHOOL_DURING_THE_SCHOOL_YEAR_2019_20,106,14.4281,11.025,12.0171,-21.37,6.29,22.0225,42.61,15.7325,0.8329
NFHS_5_FACTSHEETS,WOMEN_AGE_15_49_WHO_ARE_LITERATE4,111,79.8582,82.96,17.4626,-69.23,74.82,87.68,99.14,12.86,0.2187
NFHS_5_FACTSHEETS,MEN_AGE_15_49_WHO_ARE_LITERATE4,110,87.1525,91.62,25.4397,-96.32,86.695,94.1575,100.0,7.4625,0.2919
NFHS_5_FACTSHEETS,WOMEN_AGE_15_49_WITH_10_OR_MORE_YEARS_OF_SCHOOLING,111,47.6303,49.06,16.2965,-30.77,35.44,59.82,79.78,24.38,0.3421
NFHS_5_FACTSHEETS,MEN_AGE_15_49_WITH_10_OR_MORE_YEARS_OF_SCHOOLING,110,53.2885,56.665,21.5724,-70.1,45.12,64.48,84.92,19.36,0.4048
NFHS_5_FACTSHEETS,WOMEN_AGE_15_49_WHO_HAVE_EVER_USED_THE_INTERNET,110,43.144,44.94,21.9851,-69.18,28.015,56.38,89.99,28.365,0.5096
NFHS_5_FACTSHEETS,MEN_AGE_15_49_WHO_HAVE_EVER_USED_THE_INTERNET,110,60.0844,67.6,31.6137,-94.18,53.435,76.05,92.72,22.615,0.5262
NFHS_5_FACTSHEETS,WOMEN_AGE_20_24_YEARS_MARRIED_BEFORE_AGE_18_YEARS,110,16.4488,14.6,10.7951,-0.01,8.6275,23.215,48.13,14.5875,0.6563
NFHS_5_FACTSHEETS,MEN_AGE_25_29_YEARS_MARRIED_BEFORE_AGE_21_YEARS,97,12.5786,13.07,11.2213,-21.9,7.84,18.72,35.05,10.88,0.8921
NFHS_5_FACTSHEETS,TOTAL_FERTILITY_RATE_NUMBER_OF_CHILDREN_PER_WOMAN,110,1.7533,1.715,0.407,0.71,1.4825,1.89,3.31,0.4075,0.2321
NFHS_5_FACTSHEETS,WOMEN_AGE_15_19_YEARS_WHO_WERE_ALREADY_MOTHERS_OR_PREGNANT_AT_THE_TIME_OF_THE_SURVEY,110,5.3521,4.035,4.4981,-5.09,2.69,7.3325,24.32,4.6425,0.8404
NFHS_5_FACTSHEETS,ADOLESCENT_FERTILITY_RATE_FOR_WOMEN_AGE_15_19_YEARS5,111,32.7732,27.09,21.5186,0.0,18.64,42.95,101.91,24.31,0.6566
NFHS_5_FACTSHEETS,NEONATAL_MORTALITY_RATE_PER_1000_LIVE_BIRTHS,98,16.0713,17.12,12.276,-22.51,10.27,23.2525,37.8,12.9825,0.7638
NFHS_5_FACTSHEETS,INFANT_MORTALITY_RATE_PER_1000_LIVE_BIRTHS,98,23.3622,25.515,17.186,-33.33,18.04,33.5575,52.55,15.5175,0.7356
NFHS_5_FACTSHEETS,UNDER_FIVE_MORTALITY_RATE_PER_1000_LIVE_BIRTHS,98,28.2982,30.77,19.6826,-43.8,22.35,39.8675,62.49,17.5175,0.6955
NFHS_5_FACTSHEETS,CURRENT_USE_OF_FAMILY_PLANNING_METHODS_CURRENTLY_MARRIED_WOMEN_AGE_15_49_YEARS_ANY_METHOD6,110,64.4086,66.74,10.8196,25.86,60.735,71.37,77.53,10.635,0.168
NFHS_5_FACTSHEETS,CURRENT_USE_OF_FAMILY_PLANNING_METHODS_CURRENTLY_MARRIED_WOMEN_AGE_15_49_YEARS_ANY_MODERN_METHOD6,110,52.9999,54.89,12.3674,17.53,47.4725,62.02,71.09,14.5475,0.2333
NFHS_5_FACTSHEETS,CURRENT_USE_OF_FAMILY_PLANNING_METHODS_CURRENTLY_MARRIED_WOMEN_AGE_15_49_YEARS_FEMALE_STERILIZATION,110,31.3206,29.59,17.127,3.23,17.8325,43.88,70.2,26.0475,0.5468
NFHS_5_FACTSHEETS,CURRENT_USE_OF_FAMILY_PLANNING_METHODS_CURRENTLY_MARRIED_WOMEN_AGE_15_49_YEARS_MALE_STERILIZATION,110,0.3915,0.21,0.6394,0.0,0.0325,0.39,3.45,0.3575,1.6333
NFHS_5_FACTSHEETS,CURRENT_USE_OF_FAMILY_PLANNING_METHODS_CURRENTLY_MARRIED_WOMEN_AGE_15_49_YEARS_IUD_PPIUD,110,3.4241,2.44,3.4538,0.0,1.49,4.6,20.07,3.11,1.0087
NFHS_5_FACTSHEETS,CURRENT_USE_OF_FAMILY_PLANNING_METHODS_CURRENTLY_MARRIED_WOMEN_AGE_15_49_YEARS_PILL,110,6.0257,3.01,7.5384,0.06,1.745,6.85,33.04,5.105,1.251
NFHS_5_FACTSHEETS,CURRENT_USE_OF_FAMILY_PLANNING_METHODS_CURRENTLY_MARRIED_WOMEN_AGE_15_49_YEARS_CONDOM,110,10.0541,7.5,8.467,0.25,3.9725,13.995,35.41,10.0225,0.8421
NFHS_5_FACTSHEETS,CURRENT_USE_OF_FAMILY_PLANNING_METHODS_CURRENTLY_MARRIED_WOMEN_AGE_15_49_YEARS_INJECTABLES,110,0.7299,0.37,1.2189,0.0,0.14,0.68,6.18,0.54,1.67
NFHS_5_FACTSHEETS,TOTAL_UNMET_NEED_FOR_FAMILY_PLANNING_CURRENTLY_MARRIED_WOMEN_AGE_15_49_YEARS_7,110,10.0304,9.175,4.0693,4.44,7.5175,11.5575,28.15,4.04,0.4057
NFHS_5_FACTSHEETS,UNMET_NEED_FOR_SPACING_CURRENTLY_MARRIED_WOMEN_AGE_15_49_YEARS_7,110,4.6527,3.85,2.9962,1.05,3.08,4.81,19.52,1.73,0.644
NFHS_5_FACTSHEETS,HEALTH_WORKER_EVER_TALKED_TO_FEMALE_NON_USERS_ABOUT_FAMILY_PLANNING,110,21.4015,21.285,7.0571,5.21,17.0425,27.355,36.6,10.3125,0.3297
NFHS_5_FACTSHEETS,CURRENT_USERS_EVER_TOLD_ABOUT_SIDE_EFFECTS_OF_CURRENT_METHOD_OF_FAMILY_PLANNING8,109,51.5829,62.15,42.2572,-91.68,52.14,71.64,86.36,19.5,0.8192
NFHS_5_FACTSHEETS,MOTHERS_WHO_HAD_AN_ANTENATAL_CHECK_UP_IN_THE_FIRST_TRIMESTER_FOR_LAST_BIRTH_IN_THE_5_YEARS_BEFORE_THE_SURVEY,110,73.9801,74.46,11.0935,43.63,67.265,81.535,100.0,14.27,0.15
NFHS_5_FACTSHEETS,MOTHERS_WHO_HAD_AT_LEAST_4_ANTENATAL_CARE_VISITS_FOR_LAST_BIRTH_IN_THE_5_YEARS_BEFORE_THE_SURVEY,110,66.5957,70.115,17.425,13.06,57.365,78.845,94.84,21.48,0.2617
NFHS_5_FACTSHEETS,MOTHERS_WHOSE_LAST_BIRTH_WAS_PROTECTED_AGAINST_NEONATAL_TETANUS_FOR_LAST_BIRTH_IN_THE_5_YEARS_BEFORE_THE_SURVEY_9,110,91.0673,91.905,4.7685,75.05,89.545,94.165,99.5,4.62,0.0524
NFHS_5_FACTSHEETS,MOTHERS_WHO_CONSUMED_IRON_FOLIC_ACID_FOR_100_DAYS_OR_MORE_WHEN_THEY_WERE_PREGNANT_FOR_LAST_BIRTH_IN_THE_5_YEARS_BEFORE_THE_SURVEY,110,52.6914,54.22,20.5993,7.68,40.3575,67.0225,88.43,26.665,0.3909
NFHS_5_FACTSHEETS,MOTHERS_WHO_CONSUMED_IRON_FOLIC_ACID_FOR_180_DAYS_OR_MORE_WHEN_THEY_WERE_PREGNANT_FOR_LAST_BIRTH_IN_THE_5_YEARS_BEFORE_THE_SURVEY,110,32.6007,31.505,18.5323,3.1,17.035,42.55,73.08,25.515,0.5685
NFHS_5_FACTSHEETS,REGISTERED_PREGNANCIES_FOR_WHICH_THE_MOTHER_RECEIVED_A_MOTHER_AND_CHILD_PROTECTION_MCP_CARD_FOR_LAST_BIRTH_IN_THE_5_YEARS_BEFORE_THE_SURVEY,110,94.8322,96.765,7.2009,41.57,94.1975,98.1375,100.0,3.94,0.0759
NFHS_5_FACTSHEETS,MOTHERS_WHO_RECEIVED_POSTNATAL_CARE_FROM_A_DOCTOR_NURSE_LHV_ANM_MIDWIFE_OTHER_HEALTH_PERSONNEL_WITHIN_2_DAYS_OF_DELIVERY_FOR_LAST_BIRTH_IN_THE_5_YEARS_BEFORE_THE_SURVEY,110,80.4483,85.31,13.1886,36.32,73.59,90.2525,97.77,16.6625,0.1639
NFHS_5_FACTSHEETS,AVERAGE_OUT_OF_POCKET_EXPENDITURE_PER_DELIVERY_IN_A_PUBLIC_HEALTH_FACILITY_FOR_LAST_BIRTH_IN_THE_5_YEARS_BEFORE_THE_SURVEY_RS,110,4055.7777,3368.965,2981.9778,-9014.67,2555.0225,5060.08,16197.02,2505.0575,0.7352
NFHS_5_FACTSHEETS,CHILDREN_BORN_AT_HOME_WHO_WERE_TAKEN_TO_A_HEALTH_FACILITY_FOR_A_CHECK_UP_WITHIN_24_HOURS_OF_BIRTH_FOR_LAST_BIRTH_IN_THE_5_YEARS_BEFORE_THE_SURVEY,73,4.2167,3.05,5.0075,-14.2,1.63,7.56,17.22,5.93,1.1875
NFHS_5_FACTSHEETS,CHILDREN_WHO_RECEIVED_POSTNATAL_CARE_FROM_A_DOCTOR_NURSE_LHV_ANM_MIDWIFE_OTHER_HEALTH_PERSONNEL_WITHIN_2_DAYS_OF_DELIVERY_FOR_LAST_BIRTH_IN_THE_5_YEARS_BEFORE_THE_SURVEY,110,79.9565,85.475,14.9543,33.89,73.36,90.4125,100.0,17.0525,0.187
NFHS_5_FACTSHEETS,INSTITUTIONAL_BIRTHS_IN_THE_5_YEARS_BEFORE_THE_SURVEY,110,90.3278,93.65,10.9776,38.8,87.52,97.0075,100.0,9.4875,0.1215
NFHS_5_FACTSHEETS,INSTITUTIONAL_BIRTHS_IN_PUBLIC_FACILITY_IN_THE_5_YEARS_BEFORE_THE_SURVEY,110,64.6326,63.515,15.2387,30.23,53.755,76.3675,98.38,22.6125,0.2358
NFHS_5_FACTSHEETS,HOME_BIRTHS_THAT_WERE_CONDUCTED_BY_SKILLED_HEALTH_PERSONNEL_IN_THE_5_YEARS_BEFORE_THE_SURVEY_10,110,2.5279,1.89,2.4147,0.0,0.8675,3.2325,11.62,2.365,0.9552
NFHS_5_FACTSHEETS,BIRTHS_ATTENDED_BY_SKILLED_HEALTH_PERSONNEL_IN_THE_5_YEARS_BEFORE_THE_SURVEY_10,110,91.3279,93.89,9.0864,48.16,87.7,96.9925,100.0,9.2925,0.0995
NFHS_5_FACTSHEETS,BIRTHS_DELIVERED_BY_CAESAREAN_SECTION_IN_THE_5_YEARS_BEFORE_THE_SURVEY,110,27.228,25.97,13.0558,3.58,17.1925,37.9575,64.34,20.765,0.4795
NFHS_5_FACTSHEETS,BIRTHS_IN_A_PRIVATE_HEALTH_FACILITY_THAT_WERE_DELIVERED_BY_CAESAREAN_SECTION_IN_THE_5_YEARS_BEFORE_THE_SURVEY,103,44.3257,46.65,29.7866,-95.74,37.705,56.795,90.99,19.09,0.672
NFHS_5_FACTSHEETS,BIRTHS_IN_A_PUBLIC_HEALTH_FACILITY_THAT_WERE_DELIVERED_BY_CAESAREAN_SECTION_IN_THE_5_YEARS_BEFORE_THE_SURVEY,110,21.7436,20.0,11.6205,3.5,13.375,30.57,50.91,17.195,0.5344
NFHS_5_FACTSHEETS,CHILDREN_AGE_12_23_MONTHS_FULLY_VACCINATED_BASED_ON_INFORMATION_FROM_EITHER_VACCINATION_CARD_OR_MOTHER_S_RECALL11,107,62.4261,76.34,47.0982,-94.09,68.865,82.005,100.0,13.14,0.7545
NFHS_5_FACTSHEETS,CHILDREN_AGE_12_23_MONTHS_FULLY_VACCINATED_BASED_ON_INFORMATION_FROM_VACCINATION_CARD_ONLY12,104,71.4204,83.765,46.8614,-100.0,78.69,88.58,100.0,9.89,0.6561
NFHS_5_FACTSHEETS,CHILDREN_AGE_12_23_MONTHS_WHO_HAVE_RECEIVED_BCG,107,76.8096,95.27,56.0813,-100.0,92.5,96.62,100.0,4.12,0.7301
NFHS_5_FACTSHEETS,CHILDREN_AGE_12_23_MONTHS_WHO_HAVE_RECEIVED_3_DOSES_OF_POLIO_VACCINE13,107,65.6338,80.45,48.7855,-95.38,73.405,85.78,100.0,12.375,0.7433
NFHS_5_FACTSHEETS,CHILDREN_AGE_12_23_MONTHS_WHO_HAVE_RECEIVED_3_DOSES_OF_PENTA_OR_DPT_VACCINE,107,70.4849,86.74,52.3713,-94.09,81.455,91.485,100.0,10.03,0.743
NFHS_5_FACTSHEETS,CHILDREN_AGE_12_23_MONTHS_WHO_HAVE_RECEIVED_THE_FIRST_DOSE_OF_MEASLES_CONTAINING_VACCINE_MCV,107,71.0436,87.78,52.3655,-96.4,82.73,91.185,100.0,8.455,0.7371
NFHS_5_FACTSHEETS,CHILDREN_AGE_24_35_MONTHS_WHO_HAVE_RECEIVED_A_SECOND_DOSE_OF_MEASLES_CONTAINING_VACCINE_MCV,107,25.9574,29.71,18.1953,-35.77,21.785,35.13,55.72,13.345,0.701
NFHS_5_FACTSHEETS,CHILDREN_AGE_12_23_MONTHS_WHO_HAVE_RECEIVED_3_DOSES_OF_ROTAVIRUS_VACCINE14,107,26.6047,10.0,35.8234,-85.71,3.935,60.12,90.64,56.185,1.3465
NFHS_5_FACTSHEETS,CHILDREN_AGE_12_23_MONTHS_WHO_HAVE_RECEIVED_3_DOSES_OF_PENTA_OR_HEPATITIS_B_VACCINE,107,68.0832,85.03,50.9596,-95.24,76.555,88.5,98.44,11.945,0.7485
NFHS_5_FACTSHEETS,CHILDREN_AGE_9_35_MONTHS_WHO_RECEIVED_A_VITAMIN_A_DOSE_IN_THE_LAST_6_MONTHS,110,69.5396,72.09,22.9513,-92.64,64.4925,82.89,94.35,18.3975,0.33
NFHS_5_FACTSHEETS,CHILDREN_AGE_12_23_MONTHS_WHO_RECEIVED_MOST_OF_THEIR_VACCINATIONS_IN_A_PUBLIC_HEALTH_FACILITY,107,76.4565,94.83,55.5156,-100.0,89.14,97.37,100.0,8.23,0.7261
NFHS_5_FACTSHEETS,CHILDREN_AGE_12_23_MONTHS_WHO_RECEIVED_MOST_OF_THEIR_VACCINATIONS_IN_A_PRIVATE_HEALTH_FACILITY,107,3.9691,2.51,5.3315,-9.2,0.85,7.045,17.95,6.195,1.3433
NFHS_5_FACTSHEETS,PREVALENCE_OF_DIARRHOEA_IN_THE_2_WEEKS_PRECEDING_THE_SURVEY_CHILDREN_UNDER_AGE_5_YEARS,110,6.0167,5.57,2.6642,0.96,4.2625,7.1775,13.86,2.915,0.4428
NFHS_5_FACTSHEETS,CHILDREN_WITH_DIARRHOEA_IN_THE_2_WEEKS_PRECEDING_THE_SURVEY_WHO_RECEIVED_ORAL_REHYDRATION_SALTS_ORS_CHILDREN_UNDER_AGE_5_YEARS,87,42.7597,61.11,49.0061,-88.93,53.93,67.095,80.78,13.165,1.1461
NFHS_5_FACTSHEETS,CHILDREN_WITH_DIARRHOEA_IN_THE_2_WEEKS_PRECEDING_THE_SURVEY_WHO_RECEIVED_ZINC_CHILDREN_UNDER_AGE_5_YEARS,87,20.5685,28.07,26.7761,-54.47,24.275,35.95,50.49,11.675,1.3018
NFHS_5_FACTSHEETS,CHILDREN_SWITH_DIARRHOEA_IN_THE_2_WEEKS_PRECEDING_THE_SURVEY_TAKEN_TO_A_HEALTH_FACILITY_OR_HEALTH_PROVIDER_CHILDREN_UNDER_AGE_5_YEARS,87,47.2276,69.06,50.4499,-91.16,54.315,73.81,86.91,19.495,1.0682
NFHS_5_FACTSHEETS,CHILDREN_PREVALENCE_OF_SYMPTOMS_OF_ACUTE_RESPIRATORY_INFECTION_ARI_IN_THE_2_WEEKS_PRECEDING_THE_SURVEY_CHILDREN_UNDER_AGE_5_YEARS,110,2.357,2.275,1.574,0.0,1.3525,3.0,10.45,1.6475,0.6678
NFHS_5_FACTSHEETS,CHILDREN_WITH_FEVER_OR_SYMPTOMS_OF_ARI_IN_THE_2_WEEKS_PRECEDING_THE_SURVEY_TAKEN_TO_A_HEALTH_FACILITY_OR_HEALTH_PROVIDER_CHILDREN_UNDER_AGE_5_YEARS,102,54.9303,66.77,39.3975,-94.83,57.3575,72.445,90.65,15.0875,0.7172
NFHS_5_FACTSHEETS,CHILDREN_UNDER_AGE_3_YEARS_BREASTFED_WITHIN_ONE_HOUR_OF_BIRTH15,110,46.7889,49.255,19.3355,-74.0,37.9075,58.3875,79.93,20.48,0.4133
NFHS_5_FACTSHEETS,CHILDREN_UNDER_AGE_6_MONTHS_EXCLUSIVELY_BREASTFED16,97,50.7991,62.95,39.6077,-93.29,55.05,70.26,81.52,15.21,0.7797
NFHS_5_FACTSHEETS,CHILDREN_AGE_6_8_MONTHS_RECEIVING_SOLID_OR_SEMI_SOLID_FOOD_AND_BREASTMILK16,88,34.1545,45.875,42.4138,-83.53,38.795,57.805,78.9,19.01,1.2418
NFHS_5_FACTSHEETS,BREASTFEEDING_CHILDREN_AGE_6_23_MONTHS_RECEIVING_AN_ADEQUATE_DIET16_17,107,11.1772,11.42,12.2685,-41.97,8.41,18.48,37.47,10.07,1.0976
NFHS_5_FACTSHEETS,NON_BREASTFEEDING_CHILDREN_AGE_6_23_MONTHS_RECEIVING_AN_ADEQUATE_DIET16_17,84,8.9517,11.97,14.9066,-43.69,6.5975,19.3925,32.47,12.795,1.6652
NFHS_5_FACTSHEETS,TOTAL_CHILDREN_AGE_6_23_MONTHS_RECEIVING_AN_ADEQUATE_DIET16_17,108,11.7744,12.22,12.1212,-31.9,9.15,19.0975,39.48,9.9475,1.0295
NFHS_5_FACTSHEETS,CHILDREN_UNDER_5_YEARS_WHO_ARE_STUNTED_HEIGHT_FOR_AGE_18,110,30.5775,30.635,6.4131,15.05,26.15,34.8525,48.21,8.7025,0.2097
NFHS_5_FACTSHEETS,CHILDREN_UNDER_5_YEARS_WHO_ARE_WASTED_WEIGHT_FOR_HEIGHT_18,110,16.8752,17.55,4.4138,7.55,13.1725,19.5175,27.33,6.345,0.2616
NFHS_5_FACTSHEETS,CHILDREN_UNDER_5_YEARS_WHO_ARE_SEVERELY_WASTED_WEIGHT_FOR_HEIGHT_19,110,6.7085,6.825,2.2009,2.34,4.745,8.37,11.91,3.625,0.3281
NFHS_5_FACTSHEETS,CHILDREN_UNDER_5_YEARS_WHO_ARE_UNDERWEIGHT_WEIGHT_FOR_AGE_18,110,25.5157,25.61,8.0946,9.04,20.0075,32.0375,43.52,12.03,0.3172
NFHS_5_FACTSHEETS,CHILDREN_UNDER_5_YEARS_WHO_ARE_OVERWEIGHT_WEIGHT_FOR_HEIGHT_20,110,4.994,4.0,2.9682,1.21,3.165,5.465,17.01,2.3,0.5943
NFHS_5_FACTSHEETS,WOMEN_AGE_15_49_YEARS_WHOSE_BODY_MASS_INDEX_BMI_IS_BELOW_NORMAL_BMI_18_5_KG_M2_21,110,14.1595,13.36,6.4197,3.65,9.7425,18.1275,30.85,8.385,0.4534
NFHS_5_FACTSHEETS,MEN_AGE_15_49_YEARS_WHOSE_BODY_MASS_INDEX_BMI_IS_BELOW_NORMAL_BMI_18_5_KG_M2,110,11.9268,12.605,5.9969,-14.11,7.9925,16.205,24.66,8.2125,0.5028
NFHS_5_FACTSHEETS,WOMEN_AGE_15_49_YEARS_WHO_ARE_OVERWEIGHT_OR_OBESE_BMI_25_0_KG_M2_21,110,28.5027,29.285,10.0027,8.61,20.77,36.21,47.62,15.44,0.3509
NFHS_5_FACTSHEETS,MEN_AGE_15_49_YEARS_WHO_ARE_OVERWEIGHT_OR_OBESE_BMI_25_0_KG_M2,110,26.788,28.225,13.0326,-43.68,19.96,34.3075,50.58,14.3475,0.4865
NFHS_5_FACTSHEETS,WOMEN_AGE_15_49_YEARS_WHO_HAVE_HIGH_RISK_WAIST_TO_HIP_RATIO_0_85,110,61.0642,61.685,11.7266,38.56,52.5925,68.4175,89.18,15.825,0.192
NFHS_5_FACTSHEETS,MEN_AGE_15_49_YEARS_WHO_HAVE_HIGH_RISK_WAIST_TO_HIP_RATIO_0_90,110,47.1286,49.415,16.5364,-44.22,41.41,56.75,70.36,15.34,0.3509
NFHS_5_FACTSHEETS,CHILDREN_AGE_6_59_MONTHS_WHO_ARE_ANAEMIC_11_0_G_DL_22,110,61.9876,65.28,12.185,33.32,54.8125,69.9375,95.05,15.125,0.1966
NFHS_5_FACTSHEETS,NON_PREGNANT_WOMEN_AGE_15_49_YEARS_WHO_ARE_ANAEMIC_12_0_G_DL_22,110,54.057,55.97,13.4187,24.05,46.165,61.9675,94.3,15.8025,0.2482
NFHS_5_FACTSHEETS,PREGNANT_WOMEN_AGE_15_49_YEARS_WHO_ARE_ANAEMIC_11_0_G_DL_22,101,38.03,45.73,31.4844,-67.52,35.44,54.64,80.84,19.2,0.8279
NFHS_5_FACTSHEETS,ALL_WOMEN_AGE_15_49_YEARS_WHO_ARE_ANAEMIC22,111,52.7395,55.74,17.3262,-64.0,44.855,61.465,93.53,16.61,0.3285
NFHS_5_FACTSHEETS,ALL_WOMEN_AGE_15_19_YEARS_WHO_ARE_ANAEMIC22,110,54.0109,57.7,18.8717,-53.02,45.9225,63.5625,97.82,17.64,0.3494
NFHS_5_FACTSHEETS,MEN_AGE_15_49_YEARS_WHO_ARE_ANAEMIC_13_0_G_DL_22,110,21.6184,20.31,13.1038,-20.24,15.36,27.05,76.41,11.69,0.6061
NFHS_5_FACTSHEETS,MEN_AGE_15_19_YEARS_WHO_ARE_ANAEMIC_13_0_G_DL_22,97,20.687,26.72,25.0074,-95.81,21.35,32.98,60.05,11.63,1.2088
NFHS_5_FACTSHEETS,WOMEN_AGE_15_YEARS_AND_ABOVE_WITH_HIGH_141_160_MG_DL_BLOOD_SUGAR_LEVEL23,110,6.1155,6.065,1.7756,-3.45,5.24,7.225,9.68,1.985,0.2903
NFHS_5_FACTSHEETS,WOMEN_AGE_15_YEARS_AND_ABOVE_WIH_VERY_HIGH_160_MG_DL_BLOOD_SUGAR_LEVEL23,111,6.3859,6.25,3.3781,-13.79,4.54,8.01,13.24,3.47,0.529
NFHS_5_FACTSHEETS,WOMEN_AGE_15_YEARS_AND_ABOVE_WIH_HIGH_OR_VERY_HIGH_140_MG_DL_BLOOD_SUGAR_LEVEL_OR_TAKING_MEDICINE_TO_CONTROL_BLOOD_SUGAR_LEVEL23,111,13.8057,13.6,5.325,-17.24,10.49,17.43,24.83,6.94,0.3857
NFHS_5_FACTSHEETS,MEN_AGE_15_YEARS_AND_ABOVE_WIH_HIGH_141_160_MG_DL_BLOOD_SUGAR_LEVEL23,111,7.2099,7.01,2.1975,-8.0,6.36,8.37,11.19,2.01,0.3048
NFHS_5_FACTSHEETS,MEN_AGE_15_YEARS_AND_ABOVE_WIH_VERY_HIGH_160_MG_DL_BLOOD_SUGAR_LEVEL23,111,7.2774,7.0,3.134,-8.0,5.54,8.85,14.05,3.31,0.4307
NFHS_5_FACTSHEETS,MEN_AGE_15_YEARS_AND_ABOVE_WIH_HIGH_OR_VERY_HIGH_140_MG_DL_BLOOD_SUGAR_LEVEL_OR_TAKING_MEDICINE_TO_CONTROL_BLOOD_SUGAR_LEVEL23,111,15.8231,15.66,5.4052,-16.0,13.25,18.415,27.41,5.165,0.3416
NFHS_5_FACTSHEETS,WOMEN_AGE_15_YEARS_AND_ABOVE_WIH_MILDLY_ELEVATED_BLOOD_PRESSURE_SYSTOLIC_140_159_MM_OF_HG_AND_OR_DIASTOLIC_90_99_MM_OF_HG,111,12.5943,12.94,3.9526,-20.0,11.43,14.355,19.53,2.925,0.3138
NFHS_5_FACTSHEETS,WOMEN_AGE_15_YEARS_AND_ABOVE_WIH_MODERATELY_OR_SEVERELY_ELEVATED_BLOOD_PRESSURE_SYSTOLIC_160_MM_OF_HG_AND_OR_DIASTOLIC_100_MM_OF_HG,111,5.2038,5.2,2.091,-6.67,4.17,6.205,12.43,2.035,0.4018
NFHS_5_FACTSHEETS,WOMEN_AGE_15_YEARS_AND_ABOVE_WIH_ELEVATED_BLOOD_PRESSURE_SYSTOLIC_140_MM_OF_HG_AND_OR_DIASTOLIC_90_MM_OF_HG_OR_TAKING_MEDICINE_TO_CONTROL_BLOOD_PRESSURE,111,22.0611,22.45,6.7093,-30.0,19.925,24.925,35.8,5.0,0.3041
NFHS_5_FACTSHEETS,MEN_AGE_15_YEARS_AND_ABOVE_WIH_MILDLY_ELEVATED_BLOOD_PRESSURE_SYSTOLIC_140_159_MM_OF_HG_AND_OR_DIASTOLIC_90_99_MM_OF_HG,111,16.5365,16.76,5.0485,-19.23,13.99,19.145,25.19,5.155,0.3053
NFHS_5_FACTSHEETS,MEN_AGE_15_YEARS_AND_ABOVE_WIH_MODERATELY_OR_SEVERELY_ELEVATED_BLOOD_PRESSURE_SYSTOLIC_160_MM_OF_HG_AND_OR_DIASTOLIC_100_MM_OF_HG,111,6.1563,5.97,3.1483,-15.38,4.72,7.525,15.2,2.805,0.5114
NFHS_5_FACTSHEETS,MEN_AGE_15_YEARS_AND_ABOVE_WIH_ELEVATED_BLOOD_PRESSURE_SYSTOLIC_140_MM_OF_HG_AND_OR_DIASTOLIC_90_MM_OF_HG_OR_TAKING_MEDICINE_TO_CONTROL_BLOOD_PRESSURE,111,25.8015,25.93,8.3439,-34.62,21.26,30.46,43.06,9.2,0.3234
NFHS_5_FACTSHEETS,WOMEN_AGE_30_49_YEARS_EVER_UNDERGONE_A_SCREENING_TEST_FOR_CERVICAL_CANCER,110,1.7745,0.845,2.3315,0.0,0.4625,2.215,12.64,1.7525,1.3138
NFHS_5_FACTSHEETS,WOMEN_AGE_30_49_YEARS_EVER_UNDERGONE_A_BREAST_EXAMINATION_FOR_BREAST_CANCER,110,0.8244,0.35,1.2031,0.0,0.195,0.8175,5.92,0.6225,1.4594
NFHS_5_FACTSHEETS,WOMEN_AGE_30_49_YEARS_EVER_UNDERGONE_AN_ORAL_CAVITY_EXAMINATION_FOR_ORAL_CANCER,110,1.0446,0.44,1.9649,0.0,0.26,0.91,10.18,0.65,1.881
NFHS_5_FACTSHEETS,MEN_AGE_30_49_YEARS_EVER_UNDERGONE_AN_ORAL_CAVITY_EXAMINATION_FOR_ORAL_CANCER,107,0.9875,0.82,1.5704,-7.1,0.33,1.215,7.33,0.885,1.5903
NFHS_5_FACTSHEETS,WOMEN_AGE_15_49_YEARS_WHO_HAVE_COMPREHENSIVE_KNOWLEDGE24_OF_HIV_AIDS,109,25.0076,23.86,14.5749,-38.04,18.31,30.23,70.82,11.92,0.5828
NFHS_5_FACTSHEETS,MEN_AGE_15_49_YEARS_WHO_HAVE_COMPREHENSIVE_KNOWLEDGE24_OF_HIV_AIDS,110,34.0355,33.37,17.7859,-79.64,26.3625,40.7375,74.66,14.375,0.5226
NFHS_5_FACTSHEETS,WOMEN_AGE_15_49_YEARS_WHO_KNOW_THAT_CONSISTENT_CONDOM_USE_CAN_REDUCE_THE_CHANCE_OF_GETTING_HIV_AIDS,110,69.2449,72.245,22.1711,-83.38,64.61,76.28,95.72,11.67,0.3202
NFHS_5_FACTSHEETS,MEN_AGE_15_49_YEARS_WHO_KNOW_THAT_CONSISTENT_CONDOM_USE_CAN_REDUCE_THE_CHANCE_OF_GETTING_HIV_AIDS,110,80.3382,84.75,24.8992,-94.29,78.5525,89.545,98.61,10.9925,0.3099
NFHS_5_FACTSHEETS,CURRENTLY_MARRIED_WOMEN_AGE_15_49_YEARS_WHO_USUALLY_PARTICIPATE_IN_THREE_HOUSEHOLD_DECISIONS25,109,85.9803,90.98,29.3109,-94.26,87.43,93.88,99.82,6.45,0.3409
NFHS_5_FACTSHEETS,WOMEN_AGE_15_49_YEARS_WHO_WORKED_IN_THE_LAST_12_MONTHS_AND_WERE_PAID_IN_CASH,110,26.5532,25.65,10.8477,-17.18,20.155,34.5075,55.54,14.3525,0.4085
NFHS_5_FACTSHEETS,WOMEN_AGE_15_49_YEARS_OWNING_A_HOUSE_AND_OR_LAND_ALONE_OR_JOINTLY_WITH_OTHERS,110,40.8689,42.07,19.2398,-29.41,25.1825,55.575,74.46,30.3925,0.4708
NFHS_5_FACTSHEETS,WOMEN_AGE_15_49_YEARS_HAVING_A_BANK_OR_SAVINGS_ACCOUNT_THAT_THEY_THEMSELVES_USE,110,77.3281,79.625,22.1035,-84.83,76.03,85.18,96.72,9.15,0.2858
NFHS_5_FACTSHEETS,WOMEN_AGE_15_49_YEARS_HAVING_A_MOBILE_PHONE_THAT_THEY_THEMSELVES_USE,110,63.55,67.8,25.204,-80.98,50.79,79.185,96.93,28.395,0.3966
NFHS_5_FACTSHEETS,WOMEN_AGE_15_24_YEARS_WHO_USE_HYGIENIC_METHODS_OF_PROTECTION_DURING_THEIR_MENSTRUAL_PERIOD26,110,85.0395,88.4,11.5952,53.41,79.5075,93.495,100.0,13.9875,0.1364
NFHS_5_FACTSHEETS,EVER_MARRIED_WOMEN_AGE_18_49_YEARS_WHO_HAVE_EVER_EXPERIENCED_SPOUSAL_VIOLENCE27,109,21.1502,22.19,12.2283,-13.13,11.4,30.51,44.54,19.11,0.5782
NFHS_5_FACTSHEETS,EVER_MARRIED_WOMEN_AGE_18_49_YEARS_WHO_HAVE_EXPERIENCED_PHYSICAL_VIOLENCE_DURING_ANY_PREGNANCY,109,2.1288,2.1,1.4935,-0.38,1.05,3.13,7.8,2.08,0.7016
NFHS_5_FACTSHEETS,YOUNG_WOMEN_AGE_18_29_YEARS_WHO_EXPERIENCED_SEXUAL_VIOLENCE_BY_AGE_18,106,3.0541,1.62,3.3286,-6.06,0.71,4.875,11.15,4.165,1.0899
NFHS_5_FACTSHEETS,WOMEN_AGE_15_YEARS_AND_ABOVE_WHO_USE_ANY_KIND_OF_TOBACCO,111,12.3327,7.2,14.2546,-0.01,2.975,15.475,68.52,12.5,1.1558
NFHS_5_FACTSHEETS,MEN_AGE_15_YEARS_AND_ABOVE_WHO_USE_ANY_KIND_OF_TOBACCO,111,36.919,37.99,15.7226,-23.68,26.185,47.475,77.43,21.29,0.4259
NFHS_5_FACTSHEETS,WOMEN_AGE_15_YEARS_AND_ABOVE_WHO_CONSUME_ALCOHOL,111,2.6151,0.77,4.5889,-0.01,0.33,2.265,25.86,1.935,1.7548
NFHS_5_FACTSHEETS,MEN_AGE_15_YEARS_AND_ABOVE_WHO_CONSUME_ALCOHOL,111,23.6959,23.27,12.0084,-31.58,16.525,31.145,54.26,14.62,0.5068
RS_SESSION_262,NOS_OF_OUTBREAKS,65,15.8,2.0,50.2525,1.0,1.0,8.0,356.0,7.0,3.1805
TOURISM_STATISTICS,NUMBER_OF_ARRIVALS_2017,82,366792.2317,56413.5,1197735.6824,5219.0,25447.25,241058.0,10035803.0,215610.75,3.2654
TOURISM_STATISTICS,NUMBER_OF_ARRIVALS_2018,82,386144.9756,59292.0,1259968.2059,5478.0,29003.0,255298.75,10557976.0,226295.75,3.2629
TOURISM_STATISTICS,NUMBER_OF_ARRIVALS_2019,83,394942.4578,56393.0,1303830.1603,1.0,28823.0,243070.5,10930355.0,214247.5,3.3013
TOURISM_STATISTICS,NUMBER_OF_ARRIVALS_2020,82,100381.4634,14384.0,327254.6141,1636.0,8132.0,51517.25,2744766.0,43385.25,3.2601
TOURISM_STATISTICS,NUMBER_OF_ARRIVALS_2021,83,55183.1325,6480.0,188506.976,2.0,2373.5,27829.0,1527114.0,25455.5,3.416
TOURISM_STATISTICS,PERCENTAGE_SHARE_2018_17,82,6.622,5.2,19.2506,-57.2,1.175,9.725,137.2,8.55,2.9071
TOURISM_STATISTICS,PERCENTAGE_SHARE_2019_18,82,1.8927,1.75,9.1465,-21.6,-3.2,6.725,26.1,9.925,4.8326
TOURISM_STATISTICS,PERCENTAGE_SHARE_2020_19,82,-73.3305,-73.75,6.0252,-88.3,-77.375,-70.9,-58.5,6.475,-0.0822
TOURISM_STATISTICS,PERCENTAGE_CHANGE_2021_20,82,-51.5683,-59.45,32.8927,-91.5,-73.975,-42.9,82.8,31.075,-0.6378
TOURISM_STATISTICS,PERCENTAGE_CHANGE_2021,82,3.6582,0.425,12.4136,0.03,0.16,1.86,100.0,1.7,3.3934
