dataset_name,column_name,total_records,q1,q3,iqr,lower_bound,upper_bound,outlier_count,outlier_percentage
CENSUS_POPULATION_AREA,A_1_NUMBER_OF_VILLAGES_TOWNS_HOUSEHOLDS_POPULATION_AND_AREA,19993,10.0,28.0,18.0,-17.0,55.0,0,0.0
CENSUS_POPULATION_AREA,COLUMN_2,19998,230.0,533.0,303.0,-224.5,987.5,0,0.0
CENSUS_POPULATION_AREA,COLUMN_3,19993,990.0,4288.0,3298.0,-3957.0,9235.0,90,0.45
CENSUS_POPULATION_AREA,COLUMN_7,19993,0.0,117.0,117.0,-175.5,292.5,1676,8.38
CENSUS_POPULATION_AREA,COLUMN_8,19993,0.0,5.0,5.0,-7.5,12.5,2858,14.3
CENSUS_POPULATION_AREA,COLUMN_9,19993,0.0,1.0,1.0,-1.5,2.5,2839,14.2
CENSUS_POPULATION_AREA,COLUMN_10,19993,5022.0,43165.0,38143.0,-52192.5,100379.5,1977,9.89
CENSUS_POPULATION_AREA,COLUMN_11,19993,24581.0,209823.0,185242.0,-253282.0,487686.0,2060,10.3
CENSUS_POPULATION_AREA,COLUMN_12,19993,12476.0,107913.0,95437.0,-130679.5,251068.5,2079,10.4
CENSUS_POPULATION_AREA,COLUMN_13,19993,11934.0,101942.0,90008.0,-123078.0,236954.0,2062,10.31
CENSUS_POPULATION_AREA,COLUMN_14,19876,21.5225,571.7132,550.1907,-803.7635,1396.9992,1757,8.84
CENSUS_POPULATION_AREA,COLUMN_15,19876,133.8114,1032.9976,899.1862,-1214.9678,2381.7768,2380,11.97
INDIA_CENSUS_2011,DISTRICT_CODE,640,160.75,480.25,319.5,-318.5,959.5,0,0.0
INDIA_CENSUS_2011,POPULATION,640,817861.0,2583551.25,1765690.25,-1830674.375,5232086.625,17,2.66
INDIA_CENSUS_2011,MALE,640,417168.25,1338604.5,921436.25,-964986.125,2720758.875,16,2.5
INDIA_CENSUS_2011,FEMALE,640,401745.75,1264276.75,862531.0,-892050.75,2558073.25,18,2.81
INDIA_CENSUS_2011,LITERATE,640,482598.25,1602260.25,1119662.0,-1196894.75,3281753.25,25,3.91
INDIA_CENSUS_2011,WORKERS,640,328468.75,1036543.75,708075.0,-733643.75,2098656.25,19,2.97
INDIA_CENSUS_2011,MALE_WORKERS,640,229416.75,699151.0,469734.25,-475184.625,1403752.375,23,3.59
INDIA_CENSUS_2011,FEMALE_WORKERS,640,94203.5,316365.75,222162.25,-239039.875,649609.125,27,4.22
INDIA_CENSUS_2011,CULTIVATOR_WORKERS,640,74910.25,255301.5,180391.25,-195676.625,525888.375,25,3.91
INDIA_CENSUS_2011,AGRICULTURAL_WORKERS,640,52841.75,325898.25,273056.5,-356743.0,735483.0,26,4.06
INDIA_CENSUS_2011,HOUSEHOLD_WORKERS,640,8563.5,35126.25,26562.75,-31280.625,74970.375,44,6.88
INDIA_CENSUS_2011,HINDUS,640,567069.75,2116406.75,1549337.0,-1756935.75,4440412.25,17,2.66
INDIA_CENSUS_2011,MUSLIMS,640,26237.25,351584.0,325346.75,-461782.875,839604.125,43,6.72
INDIA_CENSUS_2011,CHRISTIANS,640,1951.75,27508.5,25556.75,-36383.375,65843.625,104,16.25
INDIA_CENSUS_2011,SIKHS,640,253.75,2800.0,2546.25,-3565.625,6619.375,110,17.19
INDIA_CENSUS_2011,BUDDHISTS,640,163.75,1942.5,1778.75,-2504.375,4610.625,103,16.09
INDIA_CENSUS_2011,JAINS,640,124.75,4150.75,4026.0,-5914.25,10189.75,97,15.16
INDIA_CENSUS_2011,SECONDARY_EDUCATION,640,70785.75,262916.0,192130.25,-217409.625,551111.375,38,5.94
INDIA_CENSUS_2011,HIGHER_EDUCATION,640,42347.0,158355.5,116008.5,-131665.75,332368.25,36,5.62
INDIA_CENSUS_2011,GRADUATE_EDUCATION,640,27992.0,129948.75,101956.75,-124943.125,282883.875,43,6.72
INDIA_CENSUS_2011,AGE_GROUP_0_29,640,478654.0,1491204.25,1012550.25,-1040171.375,3010029.625,18,2.81
INDIA_CENSUS_2011,AGE_GROUP_30_49,640,210196.5,652514.25,442317.75,-453280.125,1315990.875,25,3.91
INDIA_CENSUS_2011,AGE_GROUP_50,640,119328.5,404587.5,285259.0,-308560.0,832476.0,24,3.75
NFHS_5_FACTSHEETS,NUMBER_OF_HOUSEHOLDS_SURVEYED,111,2868.0,18693.0,15825.0,-20869.5,42430.5,6,5.41
NFHS_5_FACTSHEETS,NUMBER_OF_WOMEN_AGE_15_49_YEARS_INTERVIEWED,111,2844.5,21632.0,18787.5,-25336.75,49813.25,5,4.5
NFHS_5_FACTSHEETS,NUMBER_OF_MEN_AGE_15_54_YEARS_INTERVIEWED,111,430.0,3147.5,2717.5,-3646.25,7223.75,5,4.5
NFHS_5_FACTSHEETS,FEMALE_POPULATION_AGE_6_YEARS_AND_ABOVE_WHO_EVER_ATTENDED_SCHOOL,111,69.84,84.915,15.075,47.2275,107.5275,1,0.9
NFHS_5_FACTSHEETS,POPULATION_BELOW_AGE_15_YEARS,111,21.98,26.35,4.37,15.425,32.905,5,4.5
NFHS_5_FACTSHEETS,SEX_RATIO_OF_THE_TOTAL_POPULATION_FEMALES_PER_1_000_MALES,111,964.245,1049.785,85.54,835.935,1178.095,4,3.6
NFHS_5_FACTSHEETS,SEX_RATIO_AT_BIRTH_FOR_CHILDREN_BORN_IN_THE_LAST_FIVE_YEARS_FEMALES_PER_1_000_MALES,110,892.6325,967.175,74.5425,780.8188,1078.9887,9,8.18
NFHS_5_FACTSHEETS,CHILDREN_UNDER_AGE_5_YEARS_WHOSE_BIRTH_WAS_REGISTERED_WITH_THE_CIVIL_AUTHORITY,110,90.9225,98.105,7.1825,80.1487,108.8788,10,9.09
NFHS_5_FACTSHEETS,DEATHS_IN_THE_LAST_3_YEARS_REGISTERED_WITH_THE_CIVIL_AUTHORITY,109,65.82,91.17,25.35,27.795,129.195,4,3.67
NFHS_5_FACTSHEETS,POPULATION_LIVING_IN_HOUSEHOLDS_WITH_ELECTRICITY,111,97.62,99.62,2.0,94.62,102.62,9,8.11
NFHS_5_FACTSHEETS,POPULATION_LIVING_IN_HOUSEHOLDS_WITH_AN_IMPROVED_DRINKING_WATER_SOURCE1,111,92.905,98.605,5.7,84.355,107.155,6,5.41
NFHS_5_FACTSHEETS,POPULATION_LIVING_IN_HOUSEHOLDS_THAT_USE_AN_IMPROVED_SANITATION_FACILITY2,111,68.96,85.97,17.01,43.445,111.485,2,1.8
NFHS_5_FACTSHEETS,HOUSEHOLDS_USING_CLEAN_FUEL_FOR_COOKING3,110,45.5275,90.025,44.4975,-21.2188,156.7713,0,0.0
NFHS_5_FACTSHEETS,HOUSEHOLDS_USING_IODIZED_SALT,110,94.4425,98.945,4.5025,87.6888,105.6988,4,3.64
NFHS_5_FACTSHEETS,HOUSEHOLDS_WITH_ANY_USUAL_MEMBER_COVERED_UNDER_A_HEALTH_INSURANCE_FINANCING_SCHEME,110,24.99,57.6525,32.6625,-24.0037,106.6462,0,0.0
NFHS_5_FACTSHEETS,CHILDREN_AGE_5_YEARS_WHO_ATTENDED_PRE_PRIMARY_SCHOOL_DURING_THE_SCHOOL_YEAR_2019_20,106,6.29,22.0225,15.7325,-17.3088,45.6213,2,1.89
NFHS_5_FACTSHEETS,WOMEN_AGE_15_49_WHO_ARE_LITERATE4,111,74.82,87.68,12.86,55.53,106.97,2,1.8
NFHS_5_FACTSHEETS,MEN_AGE_15_49_WHO_ARE_LITERATE4,110,86.695,94.1575,7.4625,75.5012,105.3513,2,1.82
NFHS_5_FACTSHEETS,WOMEN_AGE_15_49_WITH_10_OR_MORE_YEARS_OF_SCHOOLING,111,35.44,59.82,24.38,-1.13,96.39,1,0.9
NFHS_5_FACTSHEETS,MEN_AGE_15_49_WITH_10_OR_MORE_YEARS_OF_SCHOOLING,110,45.12,64.48,19.36,16.08,93.52,2,1.82
NFHS_5_FACTSHEETS,WOMEN_AGE_15_49_WHO_HAVE_EVER_USED_THE_INTERNET,110,28.015,56.38,28.365,-14.5325,98.9275,2,1.82
NFHS_5_FACTSHEETS,MEN_AGE_15_49_WHO_HAVE_EVER_USED_THE_INTERNET,110,53.435,76.05,22.615,19.5125,109.9725,4,3.64
NFHS_5_FACTSHEETS,WOMEN_AGE_20_24_YEARS_MARRIED_BEFORE_AGE_18_YEARS,110,8.6275,23.215,14.5875,-13.2538,45.0962,1,0.91
NFHS_5_FACTSHEETS,MEN_AGE_25_29_YEARS_MARRIED_BEFORE_AGE_21_YEARS,97,7.84,18.72,10.88,-8.48,35.04,6,6.19
NFHS_5_FACTSHEETS,TOTAL_FERTILITY_RATE_NUMBER_OF_CHILDREN_PER_WOMAN,110,1.4825,1.89,0.4075,0.8712,2.5012,5,4.55
NFHS_5_FACTSHEETS,WOMEN_AGE_15_19_YEARS_WHO_WERE_ALREADY_MOTHERS_OR_PREGNANT_AT_THE_TIME_OF_THE_SURVEY,110,2.69,7.3325,4.6425,-4.2737,14.2963,6,5.45
NFHS_5_FACTSHEETS,ADOLESCENT_FERTILITY_RATE_FOR_WOMEN_AGE_15_19_YEARS5,111,18.64,42.95,24.31,-17.825,79.415,6,5.41
NFHS_5_FACTSHEETS,NEONATAL_MORTALITY_RATE_PER_1000_LIVE_BIRTHS,98,10.27,23.2525,12.9825,-9.2037,42.7262,6,6.12
NFHS_5_FACTSHEETS,INFANT_MORTALITY_RATE_PER_1000_LIVE_BIRTHS,98,18.04,33.5575,15.5175,-5.2363,56.8338,8,8.16
NFHS_5_FACTSHEETS,UNDER_FIVE_MORTALITY_RATE_PER_1000_LIVE_BIRTHS,98,22.35,39.8675,17.5175,-3.9263,66.1438,7,7.14
NFHS_5_FACTSHEETS,CURRENT_USE_OF_FAMILY_PLANNING_METHODS_CURRENTLY_MARRIED_WOMEN_AGE_15_49_YEARS_ANY_METHOD6,110,60.735,71.37,10.635,44.7825,87.3225,6,5.45
NFHS_5_FACTSHEETS,CURRENT_USE_OF_FAMILY_PLANNING_METHODS_CURRENTLY_MARRIED_WOMEN_AGE_15_49_YEARS_ANY_MODERN_METHOD6,110,47.4725,62.02,14.5475,25.6512,83.8413,6,5.45
NFHS_5_FACTSHEETS,CURRENT_USE_OF_FAMILY_PLANNING_METHODS_CURRENTLY_MARRIED_WOMEN_AGE_15_49_YEARS_FEMALE_STERILIZATION,110,17.8325,43.88,26.0475,-21.2387,82.9512,0,0.0
NFHS_5_FACTSHEETS,CURRENT_USE_OF_FAMILY_PLANNING_METHODS_CURRENTLY_MARRIED_WOMEN_AGE_15_49_YEARS_MALE_STERILIZATION,110,0.0325,0.39,0.3575,-0.5038,0.9263,10,9.09
NFHS_5_FACTSHEETS,CURRENT_USE_OF_FAMILY_PLANNING_METHODS_CURRENTLY_MARRIED_WOMEN_AGE_15_49_YEARS_IUD_PPIUD,110,1.49,4.6,3.11,-3.175,9.265,4,3.64
NFHS_5_FACTSHEETS,CURRENT_USE_OF_FAMILY_PLANNING_METHODS_CURRENTLY_MARRIED_WOMEN_AGE_15_49_YEARS_PILL,110,1.745,6.85,5.105,-5.9125,14.5075,14,12.73
NFHS_5_FACTSHEETS,CURRENT_USE_OF_FAMILY_PLANNING_METHODS_CURRENTLY_MARRIED_WOMEN_AGE_15_49_YEARS_CONDOM,110,3.9725,13.995,10.0225,-11.0613,29.0288,4,3.64
NFHS_5_FACTSHEETS,CURRENT_USE_OF_FAMILY_PLANNING_METHODS_CURRENTLY_MARRIED_WOMEN_AGE_15_49_YEARS_INJECTABLES,110,0.14,0.68,0.54,-0.67,1.49,10,9.09
NFHS_5_FACTSHEETS,TOTAL_UNMET_NEED_FOR_FAMILY_PLANNING_CURRENTLY_MARRIED_WOMEN_AGE_15_49_YEARS_7,110,7.5175,11.5575,4.04,1.4575,17.6175,7,6.36
NFHS_5_FACTSHEETS,UNMET_NEED_FOR_SPACING_CURRENTLY_MARRIED_WOMEN_AGE_15_49_YEARS_7,110,3.08,4.81,1.73,0.485,7.405,11,10.0
NFHS_5_FACTSHEETS,HEALTH_WORKER_EVER_TALKED_TO_FEMALE_NON_USERS_ABOUT_FAMILY_PLANNING,110,17.0425,27.355,10.3125,1.5737,42.8238,0,0.0
NFHS_5_FACTSHEETS,CURRENT_USERS_EVER_TOLD_ABOUT_SIDE_EFFECTS_OF_CURRENT_METHOD_OF_FAMILY_PLANNING8,109,52.14,71.64,19.5,22.89,100.89,9,8.26
NFHS_5_FACTSHEETS,MOTHERS_WHO_HAD_AN_ANTENATAL_CHECK_UP_IN_THE_FIRST_TRIMESTER_FOR_LAST_BIRTH_IN_THE_5_YEARS_BEFORE_THE_SURVEY,110,67.265,81.535,14.27,45.86,102.94,1,0.91
NFHS_5_FACTSHEETS,MOTHERS_WHO_HAD_AT_LEAST_4_ANTENATAL_CARE_VISITS_FOR_LAST_BIRTH_IN_THE_5_YEARS_BEFORE_THE_SURVEY,110,57.365,78.845,21.48,25.145,111.065,3,2.73
NFHS_5_FACTSHEETS,MOTHERS_WHOSE_LAST_BIRTH_WAS_PROTECTED_AGAINST_NEONATAL_TETANUS_FOR_LAST_BIRTH_IN_THE_5_YEARS_BEFORE_THE_SURVEY_9,110,89.545,94.165,4.62,82.615,101.095,10,9.09
NFHS_5_FACTSHEETS,MOTHERS_WHO_CONSUMED_IRON_FOLIC_ACID_FOR_100_DAYS_OR_MORE_WHEN_THEY_WERE_PREGNANT_FOR_LAST_BIRTH_IN_THE_5_YEARS_BEFORE_THE_SURVEY,110,40.3575,67.0225,26.665,0.36,107.02,0,0.0
NFHS_5_FACTSHEETS,MOTHERS_WHO_CONSUMED_IRON_FOLIC_ACID_FOR_180_DAYS_OR_MORE_WHEN_THEY_WERE_PREGNANT_FOR_LAST_BIRTH_IN_THE_5_YEARS_BEFORE_THE_SURVEY,110,17.035,42.55,25.515,-21.2375,80.8225,0,0.0
NFHS_5_FACTSHEETS,REGISTERED_PREGNANCIES_FOR_WHICH_THE_MOTHER_RECEIVED_A_MOTHER_AND_CHILD_PROTECTION_MCP_CARD_FOR_LAST_BIRTH_IN_THE_5_YEARS_BEFORE_THE_SURVEY,110,94.1975,98.1375,3.94,88.2875,104.0475,8,7.27
NFHS_5_FACTSHEETS,MOTHERS_WHO_RECEIVED_POSTNATAL_CARE_FROM_A_DOCTOR_NURSE_LHV_ANM_MIDWIFE_OTHER_HEALTH_PERSONNEL_WITHIN_2_DAYS_OF_DELIVERY_FOR_LAST_BIRTH_IN_THE_5_YEARS_BEFORE_THE_SURVEY,110,73.59,90.2525,16.6625,48.5963,115.2462,4,3.64
NFHS_5_FACTSHEETS,AVERAGE_OUT_OF_POCKET_EXPENDITURE_PER_DELIVERY_IN_A_PUBLIC_HEALTH_FACILITY_FOR_LAST_BIRTH_IN_THE_5_YEARS_BEFORE_THE_SURVEY_RS,110,2555.0225,5060.08,2505.0575,-1202.5637,8817.6663,9,8.18
NFHS_5_FACTSHEETS,CHILDREN_BORN_AT_HOME_WHO_WERE_TAKEN_TO_A_HEALTH_FACILITY_FOR_A_CHECK_UP_WITHIN_24_HOURS_OF_BIRTH_FOR_LAST_BIRTH_IN_THE_5_YEARS_BEFORE_THE_SURVEY,73,1.63,7.56,5.93,-7.265,16.455,2,2.74
NFHS_5_FACTSHEETS,CHILDREN_WHO_RECEIVED_POSTNATAL_CARE_FROM_A_DOCTOR_NURSE_LHV_ANM_MIDWIFE_OTHER_HEALTH_PERSONNEL_WITHIN_2_DAYS_OF_DELIVERY_FOR_LAST_BIRTH_IN_THE_5_YEARS_BEFORE_THE_SURVEY,110,73.36,90.4125,17.0525,47.7812,115.9913,7,6.36
NFHS_5_FACTSHEETS,INSTITUTIONAL_BIRTHS_IN_THE_5_YEARS_BEFORE_THE_SURVEY,110,87.52,97.0075,9.4875,73.2888,111.2388,7,6.36
NFHS_5_FACTSHEETS,INSTITUTIONAL_BIRTHS_IN_PUBLIC_FACILITY_IN_THE_5_YEARS_BEFORE_THE_SURVEY,110,53.755,76.3675,22.6125,19.8363,110.2862,0,0.0
NFHS_5_FACTSHEETS,HOME_BIRTHS_THAT_WERE_CONDUCTED_BY_SKILLED_HEALTH_PERSONNEL_IN_THE_5_YEARS_BEFORE_THE_SURVEY_10,110,0.8675,3.2325,2.365,-2.68,6.78,7,6.36
NFHS_5_FACTSHEETS,BIRTHS_ATTENDED_BY_SKILLED_HEALTH_PERSONNEL_IN_THE_5_YEARS_BEFORE_THE_SURVEY_10,110,87.7,96.9925,9.2925,73.7612,110.9313,4,3.64
NFHS_5_FACTSHEETS,BIRTHS_DELIVERED_BY_CAESAREAN_SECTION_IN_THE_5_YEARS_BEFORE_THE_SURVEY,110,17.1925,37.9575,20.765,-13.955,69.105,0,0.0
NFHS_5_FACTSHEETS,BIRTHS_IN_A_PRIVATE_HEALTH_FACILITY_THAT_WERE_DELIVERED_BY_CAESAREAN_SECTION_IN_THE_5_YEARS_BEFORE_THE_SURVEY,103,37.705,56.795,19.09,9.07,85.43,6,5.83
NFHS_5_FACTSHEETS,BIRTHS_IN_A_PUBLIC_HEALTH_FACILITY_THAT_WERE_DELIVERED_BY_CAESAREAN_SECTION_IN_THE_5_YEARS_BEFORE_THE_SURVEY,110,13.375,30.57,17.195,-12.4175,56.3625,0,0.0
NFHS_5_FACTSHEETS,CHILDREN_AGE_12_23_MONTHS_FULLY_VACCINATED_BASED_ON_INFORMATION_FROM_EITHER_VACCINATION_CARD_OR_MOTHER_S_RECALL11,107,68.865,82.005,13.14,49.155,101.715,10,9.35
NFHS_5_FACTSHEETS,CHILDREN_AGE_12_23_MONTHS_FULLY_VACCINATED_BASED_ON_INFORMATION_FROM_VACCINATION_CARD_ONLY12,104,78.69,88.58,9.89,63.855,103.415,8,7.69
NFHS_5_FACTSHEETS,CHILDREN_AGE_12_23_MONTHS_WHO_HAVE_RECEIVED_BCG,107,92.5,96.62,4.12,86.32,102.8,15,14.02
NFHS_5_FACTSHEETS,CHILDREN_AGE_12_23_MONTHS_WHO_HAVE_RECEIVED_3_DOSES_OF_POLIO_VACCINE13,107,73.405,85.78,12.375,54.8425,104.3425,10,9.35
NFHS_5_FACTSHEETS,CHILDREN_AGE_12_23_MONTHS_WHO_HAVE_RECEIVED_3_DOSES_OF_PENTA_OR_DPT_VACCINE,107,81.455,91.485,10.03,66.41,106.53,10,9.35
NFHS_5_FACTSHEETS,CHILDREN_AGE_12_23_MONTHS_WHO_HAVE_RECEIVED_THE_FIRST_DOSE_OF_MEASLES_CONTAINING_VACCINE_MCV,107,82.73,91.185,8.455,70.0475,103.8675,10,9.35
NFHS_5_FACTSHEETS,CHILDREN_AGE_24_35_MONTHS_WHO_HAVE_RECEIVED_A_SECOND_DOSE_OF_MEASLES_CONTAINING_VACCINE_MCV,107,21.785,35.13,13.345,1.7675,55.1475,11,10.28
NFHS_5_FACTSHEETS,CHILDREN_AGE_12_23_MONTHS_WHO_HAVE_RECEIVED_3_DOSES_OF_ROTAVIRUS_VACCINE14,107,3.935,60.12,56.185,-80.3425,144.3975,2,1.87
NFHS_5_FACTSHEETS,CHILDREN_AGE_12_23_MONTHS_WHO_HAVE_RECEIVED_3_DOSES_OF_PENTA_OR_HEPATITIS_B_VACCINE,107,76.555,88.5,11.945,58.6375,106.4175,11,10.28
NFHS_5_FACTSHEETS,CHILDREN_AGE_9_35_MONTHS_WHO_RECEIVED_A_VITAMIN_A_DOSE_IN_THE_LAST_6_MONTHS,110,64.4925,82.89,18.3975,36.8962,110.4863,2,1.82
NFHS_5_FACTSHEETS,CHILDREN_AGE_12_23_MONTHS_WHO_RECEIVED_MOST_OF_THEIR_VACCINATIONS_IN_A_PUBLIC_HEALTH_FACILITY,107,89.14,97.37,8.23,76.795,109.715,10,9.35
NFHS_5_FACTSHEETS,CHILDREN_AGE_12_23_MONTHS_WHO_RECEIVED_MOST_OF_THEIR_VACCINATIONS_IN_A_PRIVATE_HEALTH_FACILITY,107,0.85,7.045,6.195,-8.4425,16.3375,6,5.61
NFHS_5_FACTSHEETS,PREVALENCE_OF_DIARRHOEA_IN_THE_2_WEEKS_PRECEDING_THE_SURVEY_CHILDREN_UNDER_AGE_5_YEARS,110,4.2625,7.1775,2.915,-0.11,11.55,6,5.45
NFHS_5_FACTSHEETS,CHILDREN_WITH_DIARRHOEA_IN_THE_2_WEEKS_PRECEDING_THE_SURVEY_WHO_RECEIVED_ORAL_REHYDRATION_SALTS_ORS_CHILDREN_UNDER_AGE_5_YEARS,87,53.93,67.095,13.165,34.1825,86.8425,13,14.94
NFHS_5_FACTSHEETS,CHILDREN_WITH_DIARRHOEA_IN_THE_2_WEEKS_PRECEDING_THE_SURVEY_WHO_RECEIVED_ZINC_CHILDREN_UNDER_AGE_5_YEARS,87,24.275,35.95,11.675,6.7625,53.4625,14,16.09
NFHS_5_FACTSHEETS,CHILDREN_SWITH_DIARRHOEA_IN_THE_2_WEEKS_PRECEDING_THE_SURVEY_TAKEN_TO_A_HEALTH_FACILITY_OR_HEALTH_PROVIDER_CHILDREN_UNDER_AGE_5_YEARS,87,54.315,73.81,19.495,25.0725,103.0525,13,14.94
NFHS_5_FACTSHEETS,CHILDREN_PREVALENCE_OF_SYMPTOMS_OF_ACUTE_RESPIRATORY_INFECTION_ARI_IN_THE_2_WEEKS_PRECEDING_THE_SURVEY_CHILDREN_UNDER_AGE_5_YEARS,110,1.3525,3.0,1.6475,-1.1187,5.4712,6,5.45
NFHS_5_FACTSHEETS,CHILDREN_WITH_FEVER_OR_SYMPTOMS_OF_ARI_IN_THE_2_WEEKS_PRECEDING_THE_SURVEY_TAKEN_TO_A_HEALTH_FACILITY_OR_HEALTH_PROVIDER_CHILDREN_UNDER_AGE_5_YEARS,102,57.3575,72.445,15.0875,34.7262,95.0763,10,9.8
NFHS_5_FACTSHEETS,CHILDREN_UNDER_AGE_3_YEARS_BREASTFED_WITHIN_ONE_HOUR_OF_BIRTH15,110,37.9075,58.3875,20.48,7.1875,89.1075,2,1.82
NFHS_5_FACTSHEETS,CHILDREN_UNDER_AGE_6_MONTHS_EXCLUSIVELY_BREASTFED16,97,55.05,70.26,15.21,32.235,93.075,11,11.34
NFHS_5_FACTSHEETS,CHILDREN_AGE_6_8_MONTHS_RECEIVING_SOLID_OR_SEMI_SOLID_FOOD_AND_BREASTMILK16,88,38.795,57.805,19.01,10.28,86.32,14,15.91
NFHS_5_FACTSHEETS,BREASTFEEDING_CHILDREN_AGE_6_23_MONTHS_RECEIVING_AN_ADEQUATE_DIET16_17,107,8.41,18.48,10.07,-6.695,33.585,9,8.41
NFHS_5_FACTSHEETS,NON_BREASTFEEDING_CHILDREN_AGE_6_23_MONTHS_RECEIVING_AN_ADEQUATE_DIET16_17,84,6.5975,19.3925,12.795,-12.595,38.585,11,13.1
NFHS_5_FACTSHEETS,TOTAL_CHILDREN_AGE_6_23_MONTHS_RECEIVING_AN_ADEQUATE_DIET16_17,108,9.15,19.0975,9.9475,-5.7713,34.0187,9,8.33
NFHS_5_FACTSHEETS,CHILDREN_UNDER_5_YEARS_WHO_ARE_STUNTED_HEIGHT_FOR_AGE_18,110,26.15,34.8525,8.7025,13.0962,47.9062,1,0.91
NFHS_5_FACTSHEETS,CHILDREN_UNDER_5_YEARS_WHO_ARE_WASTED_WEIGHT_FOR_HEIGHT_18,110,13.1725,19.5175,6.345,3.655,29.035,0,0.0
NFHS_5_FACTSHEETS,CHILDREN_UNDER_5_YEARS_WHO_ARE_SEVERELY_WASTED_WEIGHT_FOR_HEIGHT_19,110,4.745,8.37,3.625,-0.6925,13.8075,0,0.0
NFHS_5_FACTSHEETS,CHILDREN_UNDER_5_YEARS_WHO_ARE_UNDERWEIGHT_WEIGHT_FOR_AGE_18,110,20.0075,32.0375,12.03,1.9625,50.0825,0,0.0
NFHS_5_FACTSHEETS,CHILDREN_UNDER_5_YEARS_WHO_ARE_OVERWEIGHT_WEIGHT_FOR_HEIGHT_20,110,3.165,5.465,2.3,-0.285,8.915,17,15.45
NFHS_5_FACTSHEETS,WOMEN_AGE_15_49_YEARS_WHOSE_BODY_MASS_INDEX_BMI_IS_BELOW_NORMAL_BMI_18_5_KG_M2_21,110,9.7425,18.1275,8.385,-2.835,30.705,1,0.91
NFHS_5_FACTSHEETS,MEN_AGE_15_49_YEARS_WHOSE_BODY_MASS_INDEX_BMI_IS_BELOW_NORMAL_BMI_18_5_KG_M2,110,7.9925,16.205,8.2125,-4.3263,28.5238,1,0.91
NFHS_5_FACTSHEETS,WOMEN_AGE_15_49_YEARS_WHO_ARE_OVERWEIGHT_OR_OBESE_BMI_25_0_KG_M2_21,110,20.77,36.21,15.44,-2.39,59.37,0,0.0
NFHS_5_FACTSHEETS,MEN_AGE_15_49_YEARS_WHO_ARE_OVERWEIGHT_OR_OBESE_BMI_25_0_KG_M2,110,19.96,34.3075,14.3475,-1.5612,55.8287,2,1.82
NFHS_5_FACTSHEETS,WOMEN_AGE_15_49_YEARS_WHO_HAVE_HIGH_RISK_WAIST_TO_HIP_RATIO_0_85,110,52.5925,68.4175,15.825,28.855,92.155,0,0.0
NFHS_5_FACTSHEETS,MEN_AGE_15_49_YEARS_WHO_HAVE_HIGH_RISK_WAIST_TO_HIP_RATIO_0_90,110,41.41,56.75,15.34,18.4,79.76,2,1.82
NFHS_5_FACTSHEETS,CHILDREN_AGE_6_59_MONTHS_WHO_ARE_ANAEMIC_11_0_G_DL_22,110,54.8125,69.9375,15.125,32.125,92.625,1,0.91
NFHS_5_FACTSHEETS,NON_PREGNANT_WOMEN_AGE_15_49_YEARS_WHO_ARE_ANAEMIC_12_0_G_DL_22,110,46.165,61.9675,15.8025,22.4612,85.6713,3,2.73
NFHS_5_FACTSHEETS,PREGNANT_WOMEN_AGE_15_49_YEARS_WHO_ARE_ANAEMIC_11_0_G_DL_22,101,35.44,54.64,19.2,6.64,83.44,10,9.9
NFHS_5_FACTSHEETS,ALL_WOMEN_AGE_15_49_YEARS_WHO_ARE_ANAEMIC22,111,44.855,61.465,16.61,19.94,86.38,4,3.6
NFHS_5_FACTSHEETS,ALL_WOMEN_AGE_15_19_YEARS_WHO_ARE_ANAEMIC22,110,45.9225,63.5625,17.64,19.4625,90.0225,5,4.55
NFHS_5_FACTSHEETS,MEN_AGE_15_49_YEARS_WHO_ARE_ANAEMIC_13_0_G_DL_22,110,15.36,27.05,11.69,-2.175,44.585,5,4.55
NFHS_5_FACTSHEETS,MEN_AGE_15_19_YEARS_WHO_ARE_ANAEMIC_13_0_G_DL_22,97,21.35,32.98,11.63,3.905,50.425,15,15.46
NFHS_5_FACTSHEETS,WOMEN_AGE_15_YEARS_AND_ABOVE_WITH_HIGH_141_160_MG_DL_BLOOD_SUGAR_LEVEL23,110,5.24,7.225,1.985,2.2625,10.2025,1,0.91
NFHS_5_FACTSHEETS,WOMEN_AGE_15_YEARS_AND_ABOVE_WIH_VERY_HIGH_160_MG_DL_BLOOD_SUGAR_LEVEL23,111,4.54,8.01,3.47,-0.665,13.215,2,1.8
NFHS_5_FACTSHEETS,WOMEN_AGE_15_YEARS_AND_ABOVE_WIH_HIGH_OR_VERY_HIGH_140_MG_DL_BLOOD_SUGAR_LEVEL_OR_TAKING_MEDICINE_TO_CONTROL_BLOOD_SUGAR_LEVEL23,111,10.49,17.43,6.94,0.08,27.84,1,0.9
NFHS_5_FACTSHEETS,MEN_AGE_15_YEARS_AND_ABOVE_WIH_HIGH_141_160_MG_DL_BLOOD_SUGAR_LEVEL23,111,6.36,8.37,2.01,3.345,11.385,2,1.8
NFHS_5_FACTSHEETS,MEN_AGE_15_YEARS_AND_ABOVE_WIH_VERY_HIGH_160_MG_DL_BLOOD_SUGAR_LEVEL23,111,5.54,8.85,3.31,0.575,13.815,3,2.7
NFHS_5_FACTSHEETS,MEN_AGE_15_YEARS_AND_ABOVE_WIH_HIGH_OR_VERY_HIGH_140_MG_DL_BLOOD_SUGAR_LEVEL_OR_TAKING_MEDICINE_TO_CONTROL_BLOOD_SUGAR_LEVEL23,111,13.25,18.415,5.165,5.5025,26.1625,5,4.5
NFHS_5_FACTSHEETS,WOMEN_AGE_15_YEARS_AND_ABOVE_WIH_MILDLY_ELEVATED_BLOOD_PRESSURE_SYSTOLIC_140_159_MM_OF_HG_AND_OR_DIASTOLIC_90_99_MM_OF_HG,111,11.43,14.355,2.925,7.0425,18.7425,3,2.7
NFHS_5_FACTSHEETS,WOMEN_AGE_15_YEARS_AND_ABOVE_WIH_MODERATELY_OR_SEVERELY_ELEVATED_BLOOD_PRESSURE_SYSTOLIC_160_MM_OF_HG_AND_OR_DIASTOLIC_100_MM_OF_HG,111,4.17,6.205,2.035,1.1175,9.2575,4,3.6
NFHS_5_FACTSHEETS,WOMEN_AGE_15_YEARS_AND_ABOVE_WIH_ELEVATED_BLOOD_PRESSURE_SYSTOLIC_140_MM_OF_HG_AND_OR_DIASTOLIC_90_MM_OF_HG_OR_TAKING_MEDICINE_TO_CONTROL_BLOOD_PRESSURE,111,19.925,24.925,5.0,12.425,32.425,3,2.7
NFHS_5_FACTSHEETS,MEN_AGE_15_YEARS_AND_ABOVE_WIH_MILDLY_ELEVATED_BLOOD_PRESSURE_SYSTOLIC_140_159_MM_OF_HG_AND_OR_DIASTOLIC_90_99_MM_OF_HG,111,13.99,19.145,5.155,6.2575,26.8775,1,0.9
NFHS_5_FACTSHEETS,MEN_AGE_15_YEARS_AND_ABOVE_WIH_MODERATELY_OR_SEVERELY_ELEVATED_BLOOD_PRESSURE_SYSTOLIC_160_MM_OF_HG_AND_OR_DIASTOLIC_100_MM_OF_HG,111,4.72,7.525,2.805,0.5125,11.7325,4,3.6
NFHS_5_FACTSHEETS,MEN_AGE_15_YEARS_AND_ABOVE_WIH_ELEVATED_BLOOD_PRESSURE_SYSTOLIC_140_MM_OF_HG_AND_OR_DIASTOLIC_90_MM_OF_HG_OR_TAKING_MEDICINE_TO_CONTROL_BLOOD_PRESSURE,111,21.26,30.46,9.2,7.46,44.26,1,0.9
NFHS_5_FACTSHEETS,WOMEN_AGE_30_49_YEARS_EVER_UNDERGONE_A_SCREENING_TEST_FOR_CERVICAL_CANCER,110,0.4625,2.215,1.7525,-2.1663,4.8438,8,7.27
NFHS_5_FACTSHEETS,WOMEN_AGE_30_49_YEARS_EVER_UNDERGONE_A_BREAST_EXAMINATION_FOR_BREAST_CANCER,110,0.195,0.8175,0.6225,-0.7388,1.7513,13,11.82
NFHS_5_FACTSHEETS,WOMEN_AGE_30_49_YEARS_EVER_UNDERGONE_AN_ORAL_CAVITY_EXAMINATION_FOR_ORAL_CANCER,110,0.26,0.91,0.65,-0.715,1.885,11,10.0
NFHS_5_FACTSHEETS,MEN_AGE_30_49_YEARS_EVER_UNDERGONE_AN_ORAL_CAVITY_EXAMINATION_FOR_ORAL_CANCER,107,0.33,1.215,0.885,-0.9975,2.5425,14,13.08
NFHS_5_FACTSHEETS,WOMEN_AGE_15_49_YEARS_WHO_HAVE_COMPREHENSIVE_KNOWLEDGE24_OF_HIV_AIDS,109,18.31,30.23,11.92,0.43,48.11,10,9.17
NFHS_5_FACTSHEETS,MEN_AGE_15_49_YEARS_WHO_HAVE_COMPREHENSIVE_KNOWLEDGE24_OF_HIV_AIDS,110,26.3625,40.7375,14.375,4.8,62.3,9,8.18
NFHS_5_FACTSHEETS,WOMEN_AGE_15_49_YEARS_WHO_KNOW_THAT_CONSISTENT_CONDOM_USE_CAN_REDUCE_THE_CHANCE_OF_GETTING_HIV_AIDS,110,64.61,76.28,11.67,47.105,93.785,3,2.73
NFHS_5_FACTSHEETS,MEN_AGE_15_49_YEARS_WHO_KNOW_THAT_CONSISTENT_CONDOM_USE_CAN_REDUCE_THE_CHANCE_OF_GETTING_HIV_AIDS,110,78.5525,89.545,10.9925,62.0638,106.0337,4,3.64
NFHS_5_FACTSHEETS,CURRENTLY_MARRIED_WOMEN_AGE_15_49_YEARS_WHO_USUALLY_PARTICIPATE_IN_THREE_HOUSEHOLD_DECISIONS25,109,87.43,93.88,6.45,77.755,103.555,3,2.75
NFHS_5_FACTSHEETS,WOMEN_AGE_15_49_YEARS_WHO_WORKED_IN_THE_LAST_12_MONTHS_AND_WERE_PAID_IN_CASH,110,20.155,34.5075,14.3525,-1.3737,56.0362,2,1.82
NFHS_5_FACTSHEETS,WOMEN_AGE_15_49_YEARS_OWNING_A_HOUSE_AND_OR_LAND_ALONE_OR_JOINTLY_WITH_OTHERS,110,25.1825,55.575,30.3925,-20.4063,101.1638,2,1.82
NFHS_5_FACTSHEETS,WOMEN_AGE_15_49_YEARS_HAVING_A_BANK_OR_SAVINGS_ACCOUNT_THAT_THEY_THEMSELVES_USE,110,76.03,85.18,9.15,62.305,98.905,3,2.73
NFHS_5_FACTSHEETS,WOMEN_AGE_15_49_YEARS_HAVING_A_MOBILE_PHONE_THAT_THEY_THEMSELVES_USE,110,50.79,79.185,28.395,8.1975,121.7775,2,1.82
NFHS_5_FACTSHEETS,WOMEN_AGE_15_24_YEARS_WHO_USE_HYGIENIC_METHODS_OF_PROTECTION_DURING_THEIR_MENSTRUAL_PERIOD26,110,79.5075,93.495,13.9875,58.5262,114.4763,2,1.82
NFHS_5_FACTSHEETS,EVER_MARRIED_WOMEN_AGE_18_49_YEARS_WHO_HAVE_EVER_EXPERIENCED_SPOUSAL_VIOLENCE27,109,11.4,30.51,19.11,-17.265,59.175,0,0.0
NFHS_5_FACTSHEETS,EVER_MARRIED_WOMEN_AGE_18_49_YEARS_WHO_HAVE_EXPERIENCED_PHYSICAL_VIOLENCE_DURING_ANY_PREGNANCY,109,1.05,3.13,2.08,-2.07,6.25,2,1.83
NFHS_5_FACTSHEETS,YOUNG_WOMEN_AGE_18_29_YEARS_WHO_EXPERIENCED_SEXUAL_VIOLENCE_BY_AGE_18,106,0.71,4.875,4.165,-5.5375,11.1225,2,1.89
NFHS_5_FACTSHEETS,WOMEN_AGE_15_YEARS_AND_ABOVE_WHO_USE_ANY_KIND_OF_TOBACCO,111,2.975,15.475,12.5,-15.775,34.225,10,9.01
NFHS_5_FACTSHEETS,MEN_AGE_15_YEARS_AND_ABOVE_WHO_USE_ANY_KIND_OF_TOBACCO,111,26.185,47.475,21.29,-5.75,79.41,1,0.9
NFHS_5_FACTSHEETS,WOMEN_AGE_15_YEARS_AND_ABOVE_WHO_CONSUME_ALCOHOL,111,0.33,2.265,1.935,-2.5725,5.1675,20,18.02
NFHS_5_FACTSHEETS,MEN_AGE_15_YEARS_AND_ABOVE_WHO_CONSUME_ALCOHOL,111,16.525,31.145,14.62,-5.405,53.075,2,1.8
RS_SESSION_262,NOS_OF_OUTBREAKS,65,1.0,8.0,7.0,-9.5,18.5,9,13.85
TOURISM_STATISTICS,NUMBER_OF_ARRIVALS_2017,82,25447.25,241058.0,215610.75,-297968.875,564474.125,9,10.98
TOURISM_STATISTICS,NUMBER_OF_ARRIVALS_2018,82,29003.0,255298.75,226295.75,-310440.625,594742.375,9,10.98
TOURISM_STATISTICS,NUMBER_OF_ARRIVALS_2019,83,28823.0,243070.5,214247.5,-292548.25,564441.75,9,10.84
TOURISM_STATISTICS,NUMBER_OF_ARRIVALS_2020,82,8132.0,51517.25,43385.25,-56945.875,116595.125,11,13.41
TOURISM_STATISTICS,NUMBER_OF_ARRIVALS_2021,83,2373.5,27829.0,25455.5,-35809.75,66012.25,9,10.84
TOURISM_STATISTICS,PERCENTAGE_SHARE_2018_17,82,1.175,9.725,8.55,-11.65,22.55,9,10.98
TOURISM_STATISTICS,PERCENTAGE_SHARE_2019_18,82,-3.2,6.725,9.925,-18.0875,21.6125,5,6.1
TOURISM_STATISTICS,PERCENTAGE_SHARE_2020_19,82,-77.375,-70.9,6.475,-87.0875,-61.1875,4,4.88
TOURISM_STATISTICS,PERCENTAGE_CHANGE_2021_20,82,-73.975,-42.9,31.075,-120.5875,3.7125,6,7.32
TOURISM_STATISTICS,PERCENTAGE_CHANGE_2021,82,0.16,1.86,1.7,-2.39,4.41,9,10.98
