dataset_name,region,country,period,start_value,end_value,absolute_change,percentage_growth
TOURISM_STATISTICS,North America,Canada,2017 -> 2018,335439.0,351040.0,15601.0,4.65
TOURISM_STATISTICS,North America,U. S. A,2017 -> 2018,1376919.0,1456678.0,79759.0,5.79
TOURISM_STATISTICS,North America,Total,2017 -> 2018,1712358.0,1807718.0,95360.0,5.57
TOURISM_STATISTICS,Central and South America,Argentina,2017 -> 2018,14875.0,16345.0,1470.0,9.88
TOURISM_STATISTICS,Central and South America,Brazil,2017 -> 2018,24453.0,26579.0,2126.0,8.69
TOURISM_STATISTICS,Central and South America,Mexico,2017 -> 2018,18114.0,19909.0,1795.0,9.91
TOURISM_STATISTICS,Central and South America,Others,2017 -> 2018,34625.0,38252.0,3627.0,10.48
TOURISM_STATISTICS,Central and South America,Total,2017 -> 2018,92067.0,101085.0,9018.0,9.8
TOURISM_STATISTICS,Western Europe,Austria,2017 -> 2018,31842.0,33200.0,1358.0,4.26
TOURISM_STATISTICS,Western Europe,Belgium,2017 -> 2018,41902.0,44086.0,2184.0,5.21
TOURISM_STATISTICS,Western Europe,Denmark,2017 -> 2018,26761.0,28195.0,1434.0,5.36
TOURISM_STATISTICS,Western Europe,Finland,2017 -> 2018,20384.0,21239.0,855.0,4.19
TOURISM_STATISTICS,Western Europe,France,2017 -> 2018,249620.0,261653.0,12033.0,4.82
TOURISM_STATISTICS,Western Europe,Germany,2017 -> 2018,269380.0,274087.0,4707.0,1.75
TOURISM_STATISTICS,Western Europe,Greece,2017 -> 2018,10286.0,10656.0,370.0,3.6
TOURISM_STATISTICS,Western Europe,Ireland,2017 -> 2018,37993.0,39276.0,1283.0,3.38
TOURISM_STATISTICS,Western Europe,Italy,2017 -> 2018,111915.0,126931.0,15016.0,13.42
TOURISM_STATISTICS,Western Europe,Netherlands,2017 -> 2018,76652.0,81615.0,4963.0,6.47
TOURISM_STATISTICS,Western Europe,Norway,2017 -> 2018,20882.0,22631.0,1749.0,8.38
TOURISM_STATISTICS,Western Europe,Portugal,2017 -> 2018,66378.0,74492.0,8114.0,12.22
TOURISM_STATISTICS,Western Europe,Spain,2017 -> 2018,81442.0,84356.0,2914.0,3.58
TOURISM_STATISTICS,Western Europe,Sweden,2017 -> 2018,45851.0,46743.0,892.0,1.95
TOURISM_STATISTICS,Western Europe,Switzerland,2017 -> 2018,49607.0,49322.0,-285.0,-0.57
TOURISM_STATISTICS,Western Europe,U.K.,2017 -> 2018,986296.0,1029757.0,43461.0,4.41
TOURISM_STATISTICS,Western Europe,Others,2017 -> 2018,6492.0,15393.0,8901.0,137.11
TOURISM_STATISTICS,Western Europe,Total,2017 -> 2018,2136673.0,2243635.0,106962.0,5.01
TOURISM_STATISTICS,Eastern Europe,Czech Rep.,2017 -> 2018,11852.0,13413.0,1561.0,13.17
TOURISM_STATISTICS,Eastern Europe,Hungary,2017 -> 2018,9241.0,9201.0,-40.0,-0.43
TOURISM_STATISTICS,Eastern Europe,Kazakhstan,2017 -> 2018,15421.0,13314.0,-2107.0,-13.66
TOURISM_STATISTICS,Eastern Europe,Poland,2017 -> 2018,28674.0,31555.0,2881.0,10.05
TOURISM_STATISTICS,Eastern Europe,Russian Fed.,2017 -> 2018,278904.0,262309.0,-16595.0,-5.95
TOURISM_STATISTICS,Eastern Europe,Ukraine,2017 -> 2018,25988.0,26260.0,272.0,1.05
TOURISM_STATISTICS,Eastern Europe,Others,2017 -> 2018,102792.0,109997.0,7205.0,7.01
TOURISM_STATISTICS,Eastern Europe,Total,2017 -> 2018,472872.0,466049.0,-6823.0,-1.44
TOURISM_STATISTICS,Africa,Egypt,2017 -> 2018,20528.0,20486.0,-42.0,-0.2
TOURISM_STATISTICS,Africa,Kenya,2017 -> 2018,46011.0,48845.0,2834.0,6.16
TOURISM_STATISTICS,Africa,Mauritius,2017 -> 2018,37706.0,42096.0,4390.0,11.64
TOURISM_STATISTICS,Africa,Nigeria,2017 -> 2018,12651.0,12067.0,-584.0,-4.62
TOURISM_STATISTICS,Africa,South Africa,2017 -> 2018,57060.0,58613.0,1553.0,2.72
TOURISM_STATISTICS,Africa,Sudan,2017 -> 2018,22762.0,34712.0,11950.0,52.5
TOURISM_STATISTICS,Africa,Tanzania,2017 -> 2018,22261.0,23443.0,1182.0,5.31
TOURISM_STATISTICS,Africa,Others,2017 -> 2018,99044.0,110936.0,11892.0,12.01
TOURISM_STATISTICS,Africa,Total,2017 -> 2018,318023.0,351198.0,33175.0,10.43
TOURISM_STATISTICS,West Asia,Bahrain,2017 -> 2018,16764.0,13915.0,-2849.0,-16.99
TOURISM_STATISTICS,West Asia,Iraq,2017 -> 2018,56230.0,68462.0,12232.0,21.75
TOURISM_STATISTICS,West Asia,Israel,2017 -> 2018,58131.0,67366.0,9235.0,15.89
TOURISM_STATISTICS,West Asia,Oman,2017 -> 2018,107217.0,95160.0,-12057.0,-11.25
TOURISM_STATISTICS,West Asia,Saudi Arabia,2017 -> 2018,52976.0,47546.0,-5430.0,-10.25
TOURISM_STATISTICS,West Asia,Turkey,2017 -> 2018,33251.0,33825.0,574.0,1.73
TOURISM_STATISTICS,West Asia,U.A.E.,2017 -> 2018,67238.0,59971.0,-7267.0,-10.81
TOURISM_STATISTICS,West Asia,Yemen Arab Rep.,2017 -> 2018,21695.0,21674.0,-21.0,-0.1
TOURISM_STATISTICS,West Asia,Others,2017 -> 2018,44258.0,41629.0,-2629.0,-5.94
TOURISM_STATISTICS,West Asia,Total,2017 -> 2018,447760.0,449548.0,1788.0,0.4
TOURISM_STATISTICS,South Asia,Afghanistan,2017 -> 2018,149176.0,153905.0,4729.0,3.17
TOURISM_STATISTICS,South Asia,Bangladesh,2017 -> 2018,2156557.0,2256675.0,100118.0,4.64
TOURISM_STATISTICS,South Asia,Bhutan,2017 -> 2018,25267.0,26470.0,1203.0,4.76
TOURISM_STATISTICS,South Asia,Iran,2017 -> 2018,42641.0,35596.0,-7045.0,-16.52
TOURISM_STATISTICS,South Asia,Maldives,2017 -> 2018,66150.0,62337.0,-3813.0,-5.76
TOURISM_STATISTICS,South Asia,Nepal,2017 -> 2018,164018.0,174096.0,10078.0,6.14
TOURISM_STATISTICS,South Asia,Pakistan,2017 -> 2018,44266.0,41659.0,-2607.0,-5.89
TOURISM_STATISTICS,South Asia,Sri Lanka,2017 -> 2018,303590.0,353684.0,50094.0,16.5
TOURISM_STATISTICS,South Asia,Total,2017 -> 2018,2951665.0,3104422.0,152757.0,5.18
TOURISM_STATISTICS,South East Asia,Indonesia,2017 -> 2018,43973.0,46867.0,2894.0,6.58
TOURISM_STATISTICS,South East Asia,Malaysia,2017 -> 2018,322126.0,319172.0,-2954.0,-0.92
TOURISM_STATISTICS,South East Asia,Myanmar,2017 -> 2018,56952.0,75773.0,18821.0,33.05
TOURISM_STATISTICS,South East Asia,Philippines,2017 -> 2018,53963.0,53473.0,-490.0,-0.91
TOURISM_STATISTICS,South East Asia,Singapore,2017 -> 2018,175852.0,183581.0,7729.0,4.4
TOURISM_STATISTICS,South East Asia,Thailand,2017 -> 2018,140087.0,166293.0,26206.0,18.71
TOURISM_STATISTICS,South East Asia,Vietnam,2017 -> 2018,23771.0,31427.0,7656.0,32.21
TOURISM_STATISTICS,South East Asia,Others,2017 -> 2018,7851.0,10502.0,2651.0,33.77
TOURISM_STATISTICS,South East Asia,Total,2017 -> 2018,824575.0,887088.0,62513.0,7.58
TOURISM_STATISTICS,East Asia,China,2017 -> 2018,247235.0,281768.0,34533.0,13.97
TOURISM_STATISTICS,East Asia,Japan,2017 -> 2018,222527.0,236236.0,13709.0,6.16
TOURISM_STATISTICS,East Asia,Rep.of Korea,2017 -> 2018,142383.0,150536.0,8153.0,5.73
TOURISM_STATISTICS,East Asia,Others,2017 -> 2018,51150.0,56028.0,4878.0,9.54
TOURISM_STATISTICS,East Asia,Total,2017 -> 2018,663295.0,724568.0,61273.0,9.24
TOURISM_STATISTICS,Australasia,Australia,2017 -> 2018,324243.0,346486.0,22243.0,6.86
TOURISM_STATISTICS,Australasia,New Zealand,2017 -> 2018,56597.0,60664.0,4067.0,7.19
TOURISM_STATISTICS,Australasia,Others,2017 -> 2018,5219.0,5478.0,259.0,4.96
TOURISM_STATISTICS,Australasia,Total,2017 -> 2018,386059.0,412628.0,26569.0,6.88
TOURISM_STATISTICS,Not Classified elsewhere,Not Classified elsewhere,2017 -> 2018,23456.0,10037.0,-13419.0,-57.21
TOURISM_STATISTICS,Grand Total,Grand Total,2017 -> 2018,10035803.0,10557976.0,522173.0,5.2
TOURISM_STATISTICS,North America,Canada,2018 -> 2019,351040.0,351859.0,819.0,0.23
TOURISM_STATISTICS,North America,U. S. A,2018 -> 2019,1456678.0,1512032.0,55354.0,3.8
TOURISM_STATISTICS,North America,Total,2018 -> 2019,1807718.0,1863892.0,56174.0,3.11
TOURISM_STATISTICS,Central and South America,Argentina,2018 -> 2019,16345.0,12844.0,-3501.0,-21.42
TOURISM_STATISTICS,Central and South America,Brazil,2018 -> 2019,26579.0,25422.0,-1157.0,-4.35
TOURISM_STATISTICS,Central and South America,Mexico,2018 -> 2019,19909.0,20766.0,857.0,4.3
TOURISM_STATISTICS,Central and South America,Others,2018 -> 2019,38252.0,39894.0,1642.0,4.29
TOURISM_STATISTICS,Central and South America,Total,2018 -> 2019,101085.0,98926.0,-2159.0,-2.14
TOURISM_STATISTICS,Western Europe,Austria,2018 -> 2019,33200.0,32332.0,-868.0,-2.61
TOURISM_STATISTICS,Western Europe,Belgium,2018 -> 2019,44086.0,39263.0,-4823.0,-10.94
TOURISM_STATISTICS,Western Europe,Denmark,2018 -> 2019,28195.0,26492.0,-1703.0,-6.04
TOURISM_STATISTICS,Western Europe,Finland,2018 -> 2019,21239.0,18945.0,-2294.0,-10.8
TOURISM_STATISTICS,Western Europe,France,2018 -> 2019,261653.0,247238.0,-14415.0,-5.51
TOURISM_STATISTICS,Western Europe,Germany,2018 -> 2019,274087.0,264973.0,-9114.0,-3.33
TOURISM_STATISTICS,Western Europe,Greece,2018 -> 2019,10656.0,10317.0,-339.0,-3.18
TOURISM_STATISTICS,Western Europe,Ireland,2018 -> 2019,39276.0,41183.0,1907.0,4.86
TOURISM_STATISTICS,Western Europe,Italy,2018 -> 2019,126931.0,128572.0,1641.0,1.29
TOURISM_STATISTICS,Western Europe,Netherlands,2018 -> 2019,81615.0,80313.0,-1302.0,-1.6
TOURISM_STATISTICS,Western Europe,Norway,2018 -> 2019,22631.0,21898.0,-733.0,-3.24
TOURISM_STATISTICS,Western Europe,Portugal,2018 -> 2019,74492.0,74743.0,251.0,0.34
TOURISM_STATISTICS,Western Europe,Spain,2018 -> 2019,84356.0,83322.0,-1034.0,-1.23
TOURISM_STATISTICS,Western Europe,Sweden,2018 -> 2019,46743.0,42318.0,-4425.0,-9.47
TOURISM_STATISTICS,Western Europe,Switzerland,2018 -> 2019,49322.0,46826.0,-2496.0,-5.06
TOURISM_STATISTICS,Western Europe,U.K.,2018 -> 2019,1029757.0,1000292.0,-29465.0,-2.86
TOURISM_STATISTICS,Western Europe,Others,2018 -> 2019,15393.0,19414.0,4021.0,26.12
TOURISM_STATISTICS,Western Europe,Total,2018 -> 2019,2243635.0,2178441.0,-65194.0,-2.91
TOURISM_STATISTICS,Eastern Europe,Czech Rep.,2018 -> 2019,13413.0,13290.0,-123.0,-0.92
TOURISM_STATISTICS,Eastern Europe,Hungary,2018 -> 2019,9201.0,9788.0,587.0,6.38
TOURISM_STATISTICS,Eastern Europe,Kazakhstan,2018 -> 2019,13314.0,15709.0,2395.0,17.99
TOURISM_STATISTICS,Eastern Europe,Poland,2018 -> 2019,31555.0,33687.0,2132.0,6.76
TOURISM_STATISTICS,Eastern Europe,Russian Fed.,2018 -> 2019,262309.0,251319.0,-10990.0,-4.19
TOURISM_STATISTICS,Eastern Europe,Ukraine,2018 -> 2019,26260.0,29468.0,3208.0,12.22
TOURISM_STATISTICS,Eastern Europe,Others,2018 -> 2019,109997.0,103220.0,-6777.0,-6.16
TOURISM_STATISTICS,Eastern Europe,Total,2018 -> 2019,466049.0,456481.0,-9568.0,-2.05
TOURISM_STATISTICS,Africa,Egypt,2018 -> 2019,20486.0,21538.0,1052.0,5.14
TOURISM_STATISTICS,Africa,Kenya,2018 -> 2019,48845.0,48639.0,-206.0,-0.42
TOURISM_STATISTICS,Africa,Mauritius,2018 -> 2019,42096.0,46814.0,4718.0,11.21
TOURISM_STATISTICS,Africa,Nigeria,2018 -> 2019,12067.0,14033.0,1966.0,16.29
TOURISM_STATISTICS,Africa,South Africa,2018 -> 2019,58613.0,57274.0,-1339.0,-2.28
TOURISM_STATISTICS,Africa,Sudan,2018 -> 2019,34712.0,34003.0,-709.0,-2.04
TOURISM_STATISTICS,Africa,Tanzania,2018 -> 2019,23443.0,23774.0,331.0,1.41
TOURISM_STATISTICS,Africa,Others,2018 -> 2019,110936.0,116233.0,5297.0,4.77
TOURISM_STATISTICS,Africa,Total,2018 -> 2019,351198.0,362308.0,11110.0,3.16
TOURISM_STATISTICS,West Asia,Bahrain,2018 -> 2019,13915.0,15128.0,1213.0,8.72
TOURISM_STATISTICS,West Asia,Iraq,2018 -> 2019,68462.0,61907.0,-6555.0,-9.57
TOURISM_STATISTICS,West Asia,Israel,2018 -> 2019,67366.0,73137.0,5771.0,8.57
TOURISM_STATISTICS,West Asia,Oman,2018 -> 2019,95160.0,74564.0,-20596.0,-21.64
TOURISM_STATISTICS,West Asia,Saudi Arabia,2018 -> 2019,47546.0,48526.0,980.0,2.06
TOURISM_STATISTICS,West Asia,Turkey,2018 -> 2019,33825.0,35113.0,1288.0,3.81
TOURISM_STATISTICS,West Asia,U.A.E.,2018 -> 2019,59971.0,55413.0,-4558.0,-7.6
TOURISM_STATISTICS,West Asia,Yemen Arab Rep.,2018 -> 2019,21674.0,26065.0,4391.0,20.26
TOURISM_STATISTICS,West Asia,Others,2018 -> 2019,41629.0,42090.0,461.0,1.11
TOURISM_STATISTICS,West Asia,Total,2018 -> 2019,449548.0,431943.0,-17605.0,-3.92
TOURISM_STATISTICS,South Asia,Afghanistan,2018 -> 2019,153905.0,124120.0,-29785.0,-19.35
TOURISM_STATISTICS,South Asia,Bangladesh,2018 -> 2019,2256675.0,2577727.0,321052.0,14.23
TOURISM_STATISTICS,South Asia,Bhutan,2018 -> 2019,26470.0,28178.0,1708.0,6.45
TOURISM_STATISTICS,South Asia,Iran,2018 -> 2019,35596.0,33288.0,-2308.0,-6.48
TOURISM_STATISTICS,South Asia,Maldives,2018 -> 2019,62337.0,78587.0,16250.0,26.07
TOURISM_STATISTICS,South Asia,Nepal,2018 -> 2019,174096.0,164040.0,-10056.0,-5.78
TOURISM_STATISTICS,South Asia,Pakistan,2018 -> 2019,41659.0,39018.0,-2641.0,-6.34
TOURISM_STATISTICS,South Asia,Sri Lanka,2018 -> 2019,353684.0,330861.0,-22823.0,-6.45
TOURISM_STATISTICS,South Asia,Total,2018 -> 2019,3104422.0,3375819.0,271397.0,8.74
TOURISM_STATISTICS,South East Asia,Indonesia,2018 -> 2019,46867.0,50177.0,3310.0,7.06
TOURISM_STATISTICS,South East Asia,Malaysia,2018 -> 2019,319172.0,334579.0,15407.0,4.83
TOURISM_STATISTICS,South East Asia,Myanmar,2018 -> 2019,75773.0,86842.0,11069.0,14.61
TOURISM_STATISTICS,South East Asia,Philippines,2018 -> 2019,53473.0,56393.0,2920.0,5.46
TOURISM_STATISTICS,South East Asia,Singapore,2018 -> 2019,183581.0,190089.0,6508.0,3.55
TOURISM_STATISTICS,South East Asia,Thailand,2018 -> 2019,166293.0,169956.0,3663.0,2.2
TOURISM_STATISTICS,South East Asia,Vietnam,2018 -> 2019,31427.0,33636.0,2209.0,7.03
TOURISM_STATISTICS,South East Asia,Others,2018 -> 2019,10502.0,8868.0,-1634.0,-15.56
TOURISM_STATISTICS,South East Asia,Total,2018 -> 2019,887088.0,930540.0,43452.0,4.9
TOURISM_STATISTICS,East Asia,China,2018 -> 2019,281768.0,339442.0,57674.0,20.47
TOURISM_STATISTICS,East Asia,Japan,2018 -> 2019,236236.0,238903.0,2667.0,1.13
TOURISM_STATISTICS,East Asia,Rep.of Korea,2018 -> 2019,150536.0,149445.0,-1091.0,-0.72
TOURISM_STATISTICS,East Asia,Others,2018 -> 2019,56028.0,54435.0,-1593.0,-2.84
TOURISM_STATISTICS,East Asia,Total,2018 -> 2019,724568.0,782225.0,57657.0,7.96
TOURISM_STATISTICS,Australasia,Australia,2018 -> 2019,346486.0,367241.0,20755.0,5.99
TOURISM_STATISTICS,Australasia,New Zealand,2018 -> 2019,60664.0,65551.0,4887.0,8.06
TOURISM_STATISTICS,Australasia,Others,2018 -> 2019,5478.0,6147.0,669.0,12.21
TOURISM_STATISTICS,Australasia,Total,2018 -> 2019,412628.0,438939.0,26311.0,6.38
TOURISM_STATISTICS,Not Classified elsewhere,Not Classified elsewhere,2018 -> 2019,10037.0,10841.0,804.0,8.01
TOURISM_STATISTICS,Grand Total,Grand Total,2018 -> 2019,10557976.0,10930355.0,372379.0,3.53
TOURISM_STATISTICS,North America,Canada,2019 -> 2020,351859.0,122868.0,-228991.0,-65.08
TOURISM_STATISTICS,North America,U. S. A,2019 -> 2020,1512032.0,394092.0,-1117940.0,-73.94
TOURISM_STATISTICS,North America,Total,2019 -> 2020,1863892.0,516960.0,-1346932.0,-72.26
TOURISM_STATISTICS,Central and South America,Argentina,2019 -> 2020,12844.0,4294.0,-8550.0,-66.57
TOURISM_STATISTICS,Central and South America,Brazil,2019 -> 2020,25422.0,8092.0,-17330.0,-68.17
TOURISM_STATISTICS,Central and South America,Mexico,2019 -> 2020,20766.0,4580.0,-16186.0,-77.94
TOURISM_STATISTICS,Central and South America,Others,2019 -> 2020,39894.0,10002.0,-29892.0,-74.93
TOURISM_STATISTICS,Central and South America,Total,2019 -> 2020,98926.0,26968.0,-71958.0,-72.74
TOURISM_STATISTICS,Western Europe,Austria,2019 -> 2020,32332.0,9182.0,-23150.0,-71.6
TOURISM_STATISTICS,Western Europe,Belgium,2019 -> 2020,39263.0,11022.0,-28241.0,-71.93
TOURISM_STATISTICS,Western Europe,Denmark,2019 -> 2020,26492.0,8252.0,-18240.0,-68.85
TOURISM_STATISTICS,Western Europe,Finland,2019 -> 2020,18945.0,4310.0,-14635.0,-77.25
TOURISM_STATISTICS,Western Europe,France,2019 -> 2020,247238.0,74243.0,-172995.0,-69.97
TOURISM_STATISTICS,Western Europe,Germany,2019 -> 2020,264973.0,72558.0,-192415.0,-72.62
TOURISM_STATISTICS,Western Europe,Greece,2019 -> 2020,10317.0,2854.0,-7463.0,-72.34
TOURISM_STATISTICS,Western Europe,Ireland,2019 -> 2020,41183.0,9708.0,-31475.0,-76.43
TOURISM_STATISTICS,Western Europe,Italy,2019 -> 2020,128572.0,31186.0,-97386.0,-75.74
TOURISM_STATISTICS,Western Europe,Netherlands,2019 -> 2020,80313.0,26258.0,-54055.0,-67.31
TOURISM_STATISTICS,Western Europe,Norway,2019 -> 2020,21898.0,6224.0,-15674.0,-71.58
TOURISM_STATISTICS,Western Europe,Portugal,2019 -> 2020,74743.0,31005.0,-43738.0,-58.52
TOURISM_STATISTICS,Western Europe,Spain,2019 -> 2020,83322.0,16335.0,-66987.0,-80.4
TOURISM_STATISTICS,Western Europe,Sweden,2019 -> 2020,42318.0,11992.0,-30326.0,-71.66
TOURISM_STATISTICS,Western Europe,Switzerland,2019 -> 2020,46826.0,12675.0,-34151.0,-72.93
TOURISM_STATISTICS,Western Europe,U.K.,2019 -> 2020,1000292.0,291874.0,-708418.0,-70.82
TOURISM_STATISTICS,Western Europe,Others,2019 -> 2020,19414.0,4937.0,-14477.0,-74.57
TOURISM_STATISTICS,Western Europe,Total,2019 -> 2020,2178441.0,624615.0,-1553826.0,-71.33
TOURISM_STATISTICS,Eastern Europe,Czech Rep.,2019 -> 2020,13290.0,3607.0,-9683.0,-72.86
TOURISM_STATISTICS,Eastern Europe,Hungary,2019 -> 2020,9788.0,2964.0,-6824.0,-69.72
TOURISM_STATISTICS,Eastern Europe,Kazakhstan,2019 -> 2020,15709.0,5918.0,-9791.0,-62.33
TOURISM_STATISTICS,Eastern Europe,Poland,2019 -> 2020,33687.0,12161.0,-21526.0,-63.9
TOURISM_STATISTICS,Eastern Europe,Russian Fed.,2019 -> 2020,251319.0,102166.0,-149153.0,-59.35
TOURISM_STATISTICS,Eastern Europe,Ukraine,2019 -> 2020,29468.0,10619.0,-18849.0,-63.96
TOURISM_STATISTICS,Eastern Europe,Others,2019 -> 2020,103220.0,30710.0,-72510.0,-70.25
TOURISM_STATISTICS,Eastern Europe,Total,2019 -> 2020,456481.0,168145.0,-288336.0,-63.16
TOURISM_STATISTICS,Africa,Egypt,2019 -> 2020,21538.0,4886.0,-16652.0,-77.31
TOURISM_STATISTICS,Africa,Kenya,2019 -> 2020,48639.0,12779.0,-35860.0,-73.73
TOURISM_STATISTICS,Africa,Mauritius,2019 -> 2020,46814.0,11410.0,-35404.0,-75.63
TOURISM_STATISTICS,Africa,Nigeria,2019 -> 2020,14033.0,3819.0,-10214.0,-72.79
TOURISM_STATISTICS,Africa,South Africa,2019 -> 2020,57274.0,12561.0,-44713.0,-78.07
TOURISM_STATISTICS,Africa,Sudan,2019 -> 2020,34003.0,9114.0,-24889.0,-73.2
TOURISM_STATISTICS,Africa,Tanzania,2019 -> 2020,23774.0,6501.0,-17273.0,-72.66
TOURISM_STATISTICS,Africa,Others,2019 -> 2020,116233.0,29226.0,-87007.0,-74.86
TOURISM_STATISTICS,Africa,Total,2019 -> 2020,362308.0,90296.0,-272012.0,-75.08
TOURISM_STATISTICS,West Asia,Bahrain,2019 -> 2020,15128.0,3429.0,-11699.0,-77.33
TOURISM_STATISTICS,West Asia,Iraq,2019 -> 2020,61907.0,17823.0,-44084.0,-71.21
TOURISM_STATISTICS,West Asia,Israel,2019 -> 2020,73137.0,17444.0,-55693.0,-76.15
TOURISM_STATISTICS,West Asia,Oman,2019 -> 2020,74564.0,15430.0,-59134.0,-79.31
TOURISM_STATISTICS,West Asia,Saudi Arabia,2019 -> 2020,48526.0,10423.0,-38103.0,-78.52
TOURISM_STATISTICS,West Asia,Turkey,2019 -> 2020,35113.0,10853.0,-24260.0,-69.09
TOURISM_STATISTICS,West Asia,U.A.E.,2019 -> 2020,55413.0,7387.0,-48026.0,-86.67
TOURISM_STATISTICS,West Asia,Yemen Arab Rep.,2019 -> 2020,26065.0,5882.0,-20183.0,-77.43
TOURISM_STATISTICS,West Asia,Others,2019 -> 2020,42090.0,8980.0,-33110.0,-78.66
TOURISM_STATISTICS,West Asia,Total,2019 -> 2020,431943.0,97651.0,-334292.0,-77.39
TOURISM_STATISTICS,South Asia,Afghanistan,2019 -> 2020,124120.0,47561.0,-76559.0,-61.68
TOURISM_STATISTICS,South Asia,Bangladesh,2019 -> 2020,2577727.0,549273.0,-2028454.0,-78.69
TOURISM_STATISTICS,South Asia,Bhutan,2019 -> 2020,28178.0,7901.0,-20277.0,-71.96
TOURISM_STATISTICS,South Asia,Iran,2019 -> 2020,33288.0,7090.0,-26198.0,-78.7
TOURISM_STATISTICS,South Asia,Maldives,2019 -> 2020,78587.0,14536.0,-64051.0,-81.5
TOURISM_STATISTICS,South Asia,Nepal,2019 -> 2020,164040.0,40822.0,-123218.0,-75.11
TOURISM_STATISTICS,South Asia,Pakistan,2019 -> 2020,39018.0,14232.0,-24786.0,-63.52
TOURISM_STATISTICS,South Asia,Sri Lanka,2019 -> 2020,330861.0,68646.0,-262215.0,-79.25
TOURISM_STATISTICS,South Asia,Total,2019 -> 2020,3375819.0,750061.0,-2625758.0,-77.78
TOURISM_STATISTICS,South East Asia,Indonesia,2019 -> 2020,50177.0,11795.0,-38382.0,-76.49
TOURISM_STATISTICS,South East Asia,Malaysia,2019 -> 2020,334579.0,69897.0,-264682.0,-79.11
TOURISM_STATISTICS,South East Asia,Myanmar,2019 -> 2020,86842.0,35291.0,-51551.0,-59.36
TOURISM_STATISTICS,South East Asia,Philippines,2019 -> 2020,56393.0,16052.0,-40341.0,-71.54
TOURISM_STATISTICS,South East Asia,Singapore,2019 -> 2020,190089.0,33747.0,-156342.0,-82.25
TOURISM_STATISTICS,South East Asia,Thailand,2019 -> 2020,169956.0,52626.0,-117330.0,-69.04
TOURISM_STATISTICS,South East Asia,Vietnam,2019 -> 2020,33636.0,8828.0,-24808.0,-73.75
TOURISM_STATISTICS,South East Asia,Others,2019 -> 2020,8868.0,3386.0,-5482.0,-61.82
TOURISM_STATISTICS,South East Asia,Total,2019 -> 2020,930540.0,231622.0,-698918.0,-75.11
TOURISM_STATISTICS,East Asia,China,2019 -> 2020,339442.0,39586.0,-299856.0,-88.34
TOURISM_STATISTICS,East Asia,Japan,2019 -> 2020,238903.0,48191.0,-190712.0,-79.83
TOURISM_STATISTICS,East Asia,Rep.of Korea,2019 -> 2020,149445.0,32302.0,-117143.0,-78.39
TOURISM_STATISTICS,East Asia,Others,2019 -> 2020,54435.0,10304.0,-44131.0,-81.07
TOURISM_STATISTICS,East Asia,Total,2019 -> 2020,782225.0,130383.0,-651842.0,-83.33
TOURISM_STATISTICS,Australasia,Australia,2019 -> 2020,367241.0,86758.0,-280483.0,-76.38
TOURISM_STATISTICS,Australasia,New Zealand,2019 -> 2020,65551.0,16653.0,-48898.0,-74.6
TOURISM_STATISTICS,Australasia,Others,2019 -> 2020,6147.0,1636.0,-4511.0,-73.39
TOURISM_STATISTICS,Australasia,Total,2019 -> 2020,438939.0,105047.0,-333892.0,-76.07
TOURISM_STATISTICS,Not Classified elsewhere,Not Classified elsewhere,2019 -> 2020,10841.0,3018.0,-7823.0,-72.16
TOURISM_STATISTICS,Grand Total,Grand Total,2019 -> 2020,10930355.0,2744766.0,-8185589.0,-74.89
TOURISM_STATISTICS,North America,Canada,2020 -> 2021,122868.0,80437.0,-42431.0,-34.53
TOURISM_STATISTICS,North America,U. S. A,2020 -> 2021,394092.0,429860.0,35768.0,9.08
TOURISM_STATISTICS,North America,Total,2020 -> 2021,516960.0,510299.0,-6661.0,-1.29
TOURISM_STATISTICS,Central and South America,Argentina,2020 -> 2021,4294.0,530.0,-3764.0,-87.66
TOURISM_STATISTICS,Central and South America,Brazil,2020 -> 2021,8092.0,2055.0,-6037.0,-74.6
TOURISM_STATISTICS,Central and South America,Mexico,2020 -> 2021,4580.0,859.0,-3721.0,-81.24
TOURISM_STATISTICS,Central and South America,Others,2020 -> 2021,10002.0,3354.0,-6648.0,-66.47
TOURISM_STATISTICS,Central and South America,Total,2020 -> 2021,26968.0,6798.0,-20170.0,-74.79
TOURISM_STATISTICS,Western Europe,Austria,2020 -> 2021,9182.0,4411.0,-4771.0,-51.96
TOURISM_STATISTICS,Western Europe,Belgium,2020 -> 2021,11022.0,7382.0,-3640.0,-33.02
TOURISM_STATISTICS,Western Europe,Denmark,2020 -> 2021,8252.0,2025.0,-6227.0,-75.46
TOURISM_STATISTICS,Western Europe,Finland,2020 -> 2021,4310.0,1329.0,-2981.0,-69.16
TOURISM_STATISTICS,Western Europe,France,2020 -> 2021,74243.0,30374.0,-43869.0,-59.09
TOURISM_STATISTICS,Western Europe,Germany,2020 -> 2021,72558.0,33772.0,-38786.0,-53.46
TOURISM_STATISTICS,Western Europe,Greece,2020 -> 2021,2854.0,1144.0,-1710.0,-59.92
TOURISM_STATISTICS,Western Europe,Ireland,2020 -> 2021,9708.0,7600.0,-2108.0,-21.71
TOURISM_STATISTICS,Western Europe,Italy,2020 -> 2021,31186.0,13659.0,-17527.0,-56.2
TOURISM_STATISTICS,Western Europe,Netherlands,2020 -> 2021,26258.0,15631.0,-10627.0,-40.47
TOURISM_STATISTICS,Western Europe,Norway,2020 -> 2021,6224.0,2790.0,-3434.0,-55.17
TOURISM_STATISTICS,Western Europe,Portugal,2020 -> 2021,31005.0,32064.0,1059.0,3.42
TOURISM_STATISTICS,Western Europe,Spain,2020 -> 2021,16335.0,6982.0,-9353.0,-57.26
TOURISM_STATISTICS,Western Europe,Sweden,2020 -> 2021,11992.0,5579.0,-6413.0,-53.48
TOURISM_STATISTICS,Western Europe,Switzerland,2020 -> 2021,12675.0,4198.0,-8477.0,-66.88
TOURISM_STATISTICS,Western Europe,U.K.,2020 -> 2021,291874.0,164143.0,-127731.0,-43.76
TOURISM_STATISTICS,Western Europe,Others,2020 -> 2021,4937.0,1767.0,-3170.0,-64.21
TOURISM_STATISTICS,Western Europe,Total,2020 -> 2021,624615.0,334850.0,-289765.0,-46.39
TOURISM_STATISTICS,Eastern Europe,Czech Rep.,2020 -> 2021,3607.0,983.0,-2624.0,-72.75
TOURISM_STATISTICS,Eastern Europe,Hungary,2020 -> 2021,2964.0,653.0,-2311.0,-77.97
TOURISM_STATISTICS,Eastern Europe,Kazakhstan,2020 -> 2021,5918.0,2378.0,-3540.0,-59.82
TOURISM_STATISTICS,Eastern Europe,Poland,2020 -> 2021,12161.0,2461.0,-9700.0,-79.76
TOURISM_STATISTICS,Eastern Europe,Russian Fed.,2020 -> 2021,102166.0,17567.0,-84599.0,-82.81
TOURISM_STATISTICS,Eastern Europe,Ukraine,2020 -> 2021,10619.0,5197.0,-5422.0,-51.06
TOURISM_STATISTICS,Eastern Europe,Others,2020 -> 2021,30710.0,13875.0,-16835.0,-54.82
TOURISM_STATISTICS,Eastern Europe,Total,2020 -> 2021,168145.0,43114.0,-125031.0,-74.36
TOURISM_STATISTICS,Africa,Egypt,2020 -> 2021,4886.0,1739.0,-3147.0,-64.41
TOURISM_STATISTICS,Africa,Kenya,2020 -> 2021,12779.0,13373.0,594.0,4.65
TOURISM_STATISTICS,Africa,Mauritius,2020 -> 2021,11410.0,2118.0,-9292.0,-81.44
TOURISM_STATISTICS,Africa,Nigeria,2020 -> 2021,3819.0,5516.0,1697.0,44.44
TOURISM_STATISTICS,Africa,South Africa,2020 -> 2021,12561.0,3820.0,-8741.0,-69.59
TOURISM_STATISTICS,Africa,Sudan,2020 -> 2021,9114.0,6781.0,-2333.0,-25.6
TOURISM_STATISTICS,Africa,Tanzania,2020 -> 2021,6501.0,6480.0,-21.0,-0.32
TOURISM_STATISTICS,Africa,Others,2020 -> 2021,29226.0,29087.0,-139.0,-0.48
TOURISM_STATISTICS,Africa,Total,2020 -> 2021,90296.0,68914.0,-21382.0,-23.68
TOURISM_STATISTICS,West Asia,Bahrain,2020 -> 2021,3429.0,1727.0,-1702.0,-49.64
TOURISM_STATISTICS,West Asia,Iraq,2020 -> 2021,17823.0,16213.0,-1610.0,-9.03
TOURISM_STATISTICS,West Asia,Israel,2020 -> 2021,17444.0,4601.0,-12843.0,-73.62
TOURISM_STATISTICS,West Asia,Oman,2020 -> 2021,15430.0,10174.0,-5256.0,-34.06
TOURISM_STATISTICS,West Asia,Saudi Arabia,2020 -> 2021,10423.0,1088.0,-9335.0,-89.56
TOURISM_STATISTICS,West Asia,Turkey,2020 -> 2021,10853.0,3710.0,-7143.0,-65.82
TOURISM_STATISTICS,West Asia,U.A.E.,2020 -> 2021,7387.0,3927.0,-3460.0,-46.84
TOURISM_STATISTICS,West Asia,Yemen Arab Rep.,2020 -> 2021,5882.0,6235.0,353.0,6.0
TOURISM_STATISTICS,West Asia,Others,2020 -> 2021,8980.0,4499.0,-4481.0,-49.9
TOURISM_STATISTICS,West Asia,Total,2020 -> 2021,97651.0,52174.0,-45477.0,-46.57
TOURISM_STATISTICS,South Asia,Afghanistan,2020 -> 2021,47561.0,36451.0,-11110.0,-23.36
TOURISM_STATISTICS,South Asia,Bangladesh,2020 -> 2021,549273.0,240554.0,-308719.0,-56.21
TOURISM_STATISTICS,South Asia,Bhutan,2020 -> 2021,7901.0,6081.0,-1820.0,-23.04
TOURISM_STATISTICS,South Asia,Iran,2020 -> 2021,7090.0,2369.0,-4721.0,-66.59
TOURISM_STATISTICS,South Asia,Maldives,2020 -> 2021,14536.0,26571.0,12035.0,82.79
TOURISM_STATISTICS,South Asia,Nepal,2020 -> 2021,40822.0,52544.0,11722.0,28.71
TOURISM_STATISTICS,South Asia,Pakistan,2020 -> 2021,14232.0,8163.0,-6069.0,-42.64
TOURISM_STATISTICS,South Asia,Sri Lanka,2020 -> 2021,68646.0,25989.0,-42657.0,-62.14
TOURISM_STATISTICS,South Asia,Total,2020 -> 2021,750061.0,398722.0,-351339.0,-46.84
TOURISM_STATISTICS,South East Asia,Indonesia,2020 -> 2021,11795.0,2105.0,-9690.0,-82.15
TOURISM_STATISTICS,South East Asia,Malaysia,2020 -> 2021,69897.0,6628.0,-63269.0,-90.52
TOURISM_STATISTICS,South East Asia,Myanmar,2020 -> 2021,35291.0,3013.0,-32278.0,-91.46
TOURISM_STATISTICS,South East Asia,Philippines,2020 -> 2021,16052.0,6927.0,-9125.0,-56.85
TOURISM_STATISTICS,South East Asia,Singapore,2020 -> 2021,33747.0,13407.0,-20340.0,-60.27
TOURISM_STATISTICS,South East Asia,Thailand,2020 -> 2021,52626.0,4668.0,-47958.0,-91.13
TOURISM_STATISTICS,South East Asia,Vietnam,2020 -> 2021,8828.0,1104.0,-7724.0,-87.49
TOURISM_STATISTICS,South East Asia,Others,2020 -> 2021,3386.0,622.0,-2764.0,-81.63
TOURISM_STATISTICS,South East Asia,Total,2020 -> 2021,231622.0,38474.0,-193148.0,-83.39
TOURISM_STATISTICS,East Asia,China,2020 -> 2021,39586.0,3502.0,-36084.0,-91.15
TOURISM_STATISTICS,East Asia,Japan,2020 -> 2021,48191.0,15358.0,-32833.0,-68.13
TOURISM_STATISTICS,East Asia,Rep.of Korea,2020 -> 2021,32302.0,13330.0,-18972.0,-58.73
TOURISM_STATISTICS,East Asia,Others,2020 -> 2021,10304.0,1572.0,-8732.0,-84.74
TOURISM_STATISTICS,East Asia,Total,2020 -> 2021,130383.0,33762.0,-96621.0,-74.11
TOURISM_STATISTICS,Australasia,Australia,2020 -> 2021,86758.0,33864.0,-52894.0,-60.97
TOURISM_STATISTICS,Australasia,New Zealand,2020 -> 2021,16653.0,4497.0,-12156.0,-73.0
TOURISM_STATISTICS,Australasia,Others,2020 -> 2021,1636.0,504.0,-1132.0,-69.19
TOURISM_STATISTICS,Australasia,Total,2020 -> 2021,105047.0,38865.0,-66182.0,-63.0
TOURISM_STATISTICS,Not Classified elsewhere,Not Classified elsewhere,2020 -> 2021,3018.0,1142.0,-1876.0,-62.16
TOURISM_STATISTICS,Grand Total,Grand Total,2020 -> 2021,2744766.0,1527114.0,-1217652.0,-44.36
